enabled,name,type,location_hint,direct_url,direct_url_2,direct_url_3,direct_url_4,direct_url_5,direct_url_6,direct_url_7,direct_url_8,direct_url_9,direct_url_10,linkedin_jobs_url,hellowork_jobs_url,indeed_jobs_url,welcome_jobs_url,extra_keywords,url_status,url_note,checked_on
yes,Stryker,entreprise,France OR Suisse OR Switzerland,https://careers.stryker.com/jobs,,,,,,,,,,https://www.linkedin.com/jobs/search/?keywords=Stryker+engineer+biomedical+medical+imaging&location=France+Suisse,https://www.hellowork.com/fr-fr/emploi/recherche.html?k=Stryker+ing%C3%A9nieur+biomedical+imagerie+m%C3%A9dicale&l=France,https://fr.indeed.com/jobs?q=Stryker+ing%C3%A9nieur+biomedical+imagerie+m%C3%A9dicale&l=France+Suisse,https://www.welcometothejungle.com/fr/jobs?query=Stryker+ing%C3%A9nieur+biom%C3%A9dical+imagerie+m%C3%A9dicale+R%26D+software+medical+device&aroundQuery=France,,verified_official,Official Stryker careers job search.,2026-05-29
yes,GE Healthcare,entreprise,France OR Suisse OR Switzerland,https://careers.gehealthcare.com/global/en/search-results,,,,,,,,,,https://www.linkedin.com/jobs/search/?keywords=GE+Healthcare+engineer+biomedical+medical+imaging&location=France+Suisse,https://www.hellowork.com/fr-fr/emploi/recherche.html?k=GE+Healthcare+ing%C3%A9nieur+biomedical+imagerie+m%C3%A9dicale&l=France,https://fr.indeed.com/jobs?q=GE+Healthcare+ing%C3%A9nieur+biomedical+imagerie+m%C3%A9dicale&l=France+Suisse,https://www.welcometothejungle.com/fr/jobs?query=GE+Healthcare+ing%C3%A9nieur+biom%C3%A9dical+imagerie+m%C3%A9dicale+R%26D+software+medical+device&aroundQuery=France,,verified_official,Official GE HealthCare search results.,2026-05-29
yes,Philips,entreprise,France OR Suisse OR Switzerland,https://www.careers.philips.com/emea/en/search-results,,,,,,,,,,https://www.linkedin.com/jobs/search/?keywords=Philips+engineer+biomedical+medical+imaging&location=France+Suisse,https://www.hellowork.com/fr-fr/emploi/recherche.html?k=Philips+ing%C3%A9nieur+biomedical+imagerie+m%C3%A9dicale&l=France,https://fr.indeed.com/jobs?q=Philips+ing%C3%A9nieur+biomedical+imagerie+m%C3%A9dicale&l=France+Suisse,https://www.welcometothejungle.com/fr/jobs?query=Philips+ing%C3%A9nieur+biom%C3%A9dical+imagerie+m%C3%A9dicale+R%26D+software+medical+device&aroundQuery=France,"source entreprises.csv, Dispositifs médicaux, ville Suresnes, ingénieur R&D, dispositif médical, innovation médicale",verified_official,Official Philips careers search results. + aussi présent dans entreprises.csv,2026-05-29
yes,Japet,entreprise,France OR Suisse OR Switzerland,https://www.linkedin.com/company/japet/jobs/,,,,,,,,,,https://www.linkedin.com/jobs/search/?keywords=Japet+engineer+biomedical+medical+imaging&location=France+Suisse,https://www.hellowork.com/fr-fr/emploi/recherche.html?k=Japet+ing%C3%A9nieur+biomedical+imagerie+m%C3%A9dicale&l=France,https://fr.indeed.com/jobs?q=Japet+ing%C3%A9nieur+biomedical+imagerie+m%C3%A9dicale&l=France+Suisse,https://www.welcometothejungle.com/fr/jobs?query=Japet+ing%C3%A9nieur+biom%C3%A9dical+imagerie+m%C3%A9dicale+R%26D+software+medical+device&aroundQuery=France,,not_found,No reliable jobs/careers page found; monitor website and LinkedIn manually.,2026-05-29
yes,HypnoVR,entreprise,France OR Suisse OR Switzerland,https://fr.linkedin.com/company/hypno-vr/jobs,,,,,,,,,,https://www.linkedin.com/jobs/search/?keywords=HypnoVR+engineer+biomedical+medical+imaging&location=France+Suisse,https://www.hellowork.com/fr-fr/emploi/recherche.html?k=HypnoVR+ing%C3%A9nieur+biomedical+imagerie+m%C3%A9dicale&l=France,https://fr.indeed.com/jobs?q=HypnoVR+ing%C3%A9nieur+biomedical+imagerie+m%C3%A9dicale&l=France+Suisse,https://www.welcometothejungle.com/fr/jobs?query=HypnoVR+ing%C3%A9nieur+biom%C3%A9dical+imagerie+m%C3%A9dicale+R%26D+software+medical+device&aroundQuery=France,,linkedin_fallback,No official job board found; LinkedIn fallback.,2026-05-29
yes,Zimmer Biomet,entreprise,France OR Suisse OR Switzerland,https://careers.zimmerbiomet.com/fr/fr/search-results,,,,,,,,,,https://www.linkedin.com/jobs/search/?keywords=Zimmer+Biomet+engineer+biomedical+medical+imaging&location=France+Suisse,https://www.hellowork.com/fr-fr/emploi/recherche.html?k=Zimmer+Biomet+ing%C3%A9nieur+biomedical+imagerie+m%C3%A9dicale&l=France,https://fr.indeed.com/jobs?q=Zimmer+Biomet+ing%C3%A9nieur+biomedical+imagerie+m%C3%A9dicale&l=France+Suisse,https://www.welcometothejungle.com/fr/jobs?query=Zimmer+Biomet+ing%C3%A9nieur+biom%C3%A9dical+imagerie+m%C3%A9dicale+R%26D+software+medical+device&aroundQuery=France,,verified_official,Official Zimmer Biomet careers search results.,2026-05-29
yes,Medes,entreprise,France OR Suisse OR Switzerland,https://www.medes.fr/le-groupe/recrutement/,,,,,,,,,,https://www.linkedin.com/jobs/search/?keywords=Medes+engineer+biomedical+medical+imaging&location=France+Suisse,https://www.hellowork.com/fr-fr/emploi/recherche.html?k=Medes+ing%C3%A9nieur+biomedical+imagerie+m%C3%A9dicale&l=France,https://fr.indeed.com/jobs?q=Medes+ing%C3%A9nieur+biomedical+imagerie+m%C3%A9dicale&l=France+Suisse,https://www.welcometothejungle.com/fr/jobs?query=Medes+ing%C3%A9nieur+biom%C3%A9dical+imagerie+m%C3%A9dicale+R%26D+software+medical+device&aroundQuery=France,,verified_official,Official MEDES recruitment page.,2026-05-29
yes,Ortho Clinical Diagnostics,entreprise,France OR Suisse OR Switzerland,https://orthoclinical.wd1.myworkdayjobs.com/fr-FR/Search,,,,,,,,,,https://www.linkedin.com/jobs/search/?keywords=Ortho+Clinical+Diagnostics+engineer+biomedical+medical+imaging&location=France+Suisse,https://www.hellowork.com/fr-fr/emploi/recherche.html?k=Ortho+Clinical+Diagnostics+ing%C3%A9nieur+biomedical+imagerie+m%C3%A9dicale&l=France,https://fr.indeed.com/jobs?q=Ortho+Clinical+Diagnostics+ing%C3%A9nieur+biomedical+imagerie+m%C3%A9dicale&l=France+Suisse,https://www.welcometothejungle.com/fr/jobs?query=Ortho+Clinical+Diagnostics+ing%C3%A9nieur+biom%C3%A9dical+imagerie+m%C3%A9dicale+R%26D+software+medical+device&aroundQuery=France,,verified_official,Ortho Clinical Diagnostics is now QuidelOrtho; official careers home.,2026-05-29
yes,Alcon,entreprise,France OR Suisse OR Switzerland,https://alcon.wd5.myworkdayjobs.com/careers_alcon,,,,,,,,,,https://www.linkedin.com/jobs/search/?keywords=Alcon+engineer+biomedical+medical+imaging&location=France+Suisse,https://www.hellowork.com/fr-fr/emploi/recherche.html?k=Alcon+ing%C3%A9nieur+biomedical+imagerie+m%C3%A9dicale&l=France,https://fr.indeed.com/jobs?q=Alcon+ing%C3%A9nieur+biomedical+imagerie+m%C3%A9dicale&l=France+Suisse,https://www.welcometothejungle.com/fr/jobs?query=Alcon+ing%C3%A9nieur+biom%C3%A9dical+imagerie+m%C3%A9dicale+R%26D+software+medical+device&aroundQuery=France,,verified_official_ats,Official Alcon Workday careers site.,2026-05-29
yes,CorWave,entreprise,France OR Suisse OR Switzerland,https://apply.workable.com/corwave-1/,,,,,,,,,,https://www.linkedin.com/jobs/search/?keywords=CorWave+engineer+biomedical+medical+imaging&location=France+Suisse,https://www.hellowork.com/fr-fr/emploi/recherche.html?k=CorWave+ing%C3%A9nieur+biomedical+imagerie+m%C3%A9dicale&l=France,https://fr.indeed.com/jobs?q=CorWave+ing%C3%A9nieur+biomedical+imagerie+m%C3%A9dicale&l=France+Suisse,https://www.welcometothejungle.com/fr/jobs?query=CorWave+ing%C3%A9nieur+biom%C3%A9dical+imagerie+m%C3%A9dicale+R%26D+software+medical+device&aroundQuery=France,,verified_official_ats,Official Workable job board linked from CorWave careers.,2026-05-29
yes,Volta Medical,entreprise,France OR Suisse OR Switzerland,https://jobs.eu.lever.co/volta-medical,,,,,,,,,,https://www.linkedin.com/jobs/search/?keywords=Volta+Medical+engineer+biomedical+medical+imaging&location=France+Suisse,https://www.hellowork.com/fr-fr/emploi/recherche.html?k=Volta+Medical+ing%C3%A9nieur+biomedical+imagerie+m%C3%A9dicale&l=France,https://fr.indeed.com/jobs?q=Volta+Medical+ing%C3%A9nieur+biomedical+imagerie+m%C3%A9dicale&l=France+Suisse,https://www.welcometothejungle.com/fr/jobs?query=Volta+Medical+ing%C3%A9nieur+biom%C3%A9dical+imagerie+m%C3%A9dicale+R%26D+software+medical+device&aroundQuery=France,,verified_official_ats,Official Lever job board for Volta Medical.,2026-05-29
yes,EPFL,labo,France OR Suisse OR Switzerland,https://www.epfl.ch/about/working/working-at-epfl/job-openings/,,,,,,,,,,https://www.linkedin.com/jobs/search/?keywords=EPFL+engineer+biomedical+medical+imaging&location=France+Suisse,https://www.hellowork.com/fr-fr/emploi/recherche.html?k=EPFL+ing%C3%A9nieur+biomedical+imagerie+m%C3%A9dicale&l=France,https://fr.indeed.com/jobs?q=EPFL+ing%C3%A9nieur+biomedical+imagerie+m%C3%A9dicale&l=France+Suisse,https://www.welcometothejungle.com/fr/jobs?query=EPFL+ing%C3%A9nieur+biom%C3%A9dical+imagerie+m%C3%A9dicale+R%26D+software+medical+device&aroundQuery=France,PhD OR ingénieur R&D OR medical imaging OR biomedical OR Python OR MATLAB,verified_official,EPFL job opportunities.,2026-05-29
yes,Clinatec,labo,France OR Suisse OR Switzerland,https://fonds-clinatec.fr/en/whats-new-at-clinatec/?e-filter-118656a-category=recrutement-en,,,,,,,,,,https://www.linkedin.com/jobs/search/?keywords=Clinatec+engineer+biomedical+medical+imaging&location=France+Suisse,https://www.hellowork.com/fr-fr/emploi/recherche.html?k=Clinatec+ing%C3%A9nieur+biomedical+imagerie+m%C3%A9dicale&l=France,https://fr.indeed.com/jobs?q=Clinatec+ing%C3%A9nieur+biomedical+imagerie+m%C3%A9dicale&l=France+Suisse,https://www.welcometothejungle.com/fr/jobs?query=Clinatec+ing%C3%A9nieur+biom%C3%A9dical+imagerie+m%C3%A9dicale+R%26D+software+medical+device&aroundQuery=France,,verified_official,Official Clinatec/Fonds Clinatec careers page.,2026-05-29
yes,NeuroRestore,labo,France OR Suisse OR Switzerland,https://www.neurorestore.swiss/open-position,,,,,,,,,,https://www.linkedin.com/jobs/search/?keywords=NeuroRestore+engineer+biomedical+medical+imaging&location=France+Suisse,https://www.hellowork.com/fr-fr/emploi/recherche.html?k=NeuroRestore+ing%C3%A9nieur+biomedical+imagerie+m%C3%A9dicale&l=France,https://fr.indeed.com/jobs?q=NeuroRestore+ing%C3%A9nieur+biomedical+imagerie+m%C3%A9dicale&l=France+Suisse,https://www.welcometothejungle.com/fr/jobs?query=NeuroRestore+ing%C3%A9nieur+biom%C3%A9dical+imagerie+m%C3%A9dicale+R%26D+software+medical+device&aroundQuery=France,,verified_official,Official NeuroRestore open positions page.,2026-05-29
yes,LBMC,labo,France OR Suisse OR Switzerland,https://lbmc.univ-gustave-eiffel.fr/nous-rejoindre/theses,https://lbmc.univ-gustave-eiffel.fr/nous-rejoindre/post-doctorants,,,,,,,,,https://www.linkedin.com/jobs/search/?keywords=LBMC+engineer+biomedical+medical+imaging&location=France+Suisse,https://www.hellowork.com/fr-fr/emploi/recherche.html?k=LBMC+ing%C3%A9nieur+biomedical+imagerie+m%C3%A9dicale&l=France,https://fr.indeed.com/jobs?q=LBMC+ing%C3%A9nieur+biomedical+imagerie+m%C3%A9dicale&l=France+Suisse,https://www.welcometothejungle.com/fr/jobs?query=LBMC+ing%C3%A9nieur+biom%C3%A9dical+imagerie+m%C3%A9dicale+R%26D+software+medical+device&aroundQuery=France,PhD OR ingénieur R&D OR medical imaging OR biomedical OR Python OR MATLAB,verified_or_user_provided,Pages LBMC thèses et post-doctorants.,2026-05-29
yes,Proteor,entreprise,France OR Suisse OR Switzerland,https://fr.proteor.com/postes/,,,,,,,,,,https://www.linkedin.com/jobs/search/?keywords=Proteor+engineer+biomedical+medical+imaging&location=France+Suisse,https://www.hellowork.com/fr-fr/emploi/recherche.html?k=Proteor+ing%C3%A9nieur+biomedical+imagerie+m%C3%A9dicale&l=France,https://fr.indeed.com/jobs?q=Proteor+ing%C3%A9nieur+biomedical+imagerie+m%C3%A9dicale&l=France+Suisse,https://www.welcometothejungle.com/fr/jobs?query=Proteor+ing%C3%A9nieur+biom%C3%A9dical+imagerie+m%C3%A9dicale+R%26D+software+medical+device&aroundQuery=France,,verified_official,Official PROTEOR positions page.,2026-05-29
yes,ISIR,labo,France OR Suisse OR Switzerland,https://www.isir.upmc.fr/join-us/opportunities/?lang=en,,,,,,,,,,https://www.linkedin.com/jobs/search/?keywords=ISIR+engineer+biomedical+medical+imaging&location=France+Suisse,https://www.hellowork.com/fr-fr/emploi/recherche.html?k=ISIR+ing%C3%A9nieur+biomedical+imagerie+m%C3%A9dicale&l=France,https://fr.indeed.com/jobs?q=ISIR+ing%C3%A9nieur+biomedical+imagerie+m%C3%A9dicale&l=France+Suisse,https://www.welcometothejungle.com/fr/jobs?query=ISIR+ing%C3%A9nieur+biom%C3%A9dical+imagerie+m%C3%A9dicale+R%26D+software+medical+device&aroundQuery=France,"robotique médicale, interaction, instrumentation, recherche",verified_official_labo,Official ISIR opportunities page.,2026-05-29
yes,CEA,labo,France OR Suisse OR Switzerland,https://www.emploi.cea.fr/offre-de-emploi/liste-offres.aspx,,,,,,,,,,https://www.linkedin.com/jobs/search/?keywords=CEA+engineer+biomedical+medical+imaging&location=France+Suisse,https://www.hellowork.com/fr-fr/emploi/recherche.html?k=CEA+ing%C3%A9nieur+biomedical+imagerie+m%C3%A9dicale&l=France,https://fr.indeed.com/jobs?q=CEA+ing%C3%A9nieur+biomedical+imagerie+m%C3%A9dicale&l=France+Suisse,https://www.welcometothejungle.com/fr/jobs?query=CEA+ing%C3%A9nieur+biom%C3%A9dical+imagerie+m%C3%A9dicale+R%26D+software+medical+device&aroundQuery=France,PhD OR ingénieur R&D OR medical imaging OR biomedical OR Python OR MATLAB,verified_official,CEA official job offers.,2026-05-29
yes,University of Waterloo,labo,France OR Suisse OR Switzerland,https://uwaterloo.wd3.myworkdayjobs.com/uw_careers,,,,,,,,,,https://www.linkedin.com/jobs/search/?keywords=University+of+Waterloo+engineer+biomedical+medical+imaging&location=France+Suisse,https://www.hellowork.com/fr-fr/emploi/recherche.html?k=University+of+Waterloo+ing%C3%A9nieur+biomedical+imagerie+m%C3%A9dicale&l=France,https://fr.indeed.com/jobs?q=University+of+Waterloo+ing%C3%A9nieur+biomedical+imagerie+m%C3%A9dicale&l=France+Suisse,https://www.welcometothejungle.com/fr/jobs?query=University+of+Waterloo+ing%C3%A9nieur+biom%C3%A9dical+imagerie+m%C3%A9dicale+R%26D+software+medical+device&aroundQuery=France,,verified_official_ats,Official Waterloo Workday careers portal.,2026-05-29
yes,ULB,labo,France OR Suisse OR Switzerland,https://www.ulb.be/fr/offres-d-emploi/offres-demploi-a-lulb-externes,,,,,,,,,,https://www.linkedin.com/jobs/search/?keywords=ULB+engineer+biomedical+medical+imaging&location=France+Suisse,https://www.hellowork.com/fr-fr/emploi/recherche.html?k=ULB+ing%C3%A9nieur+biomedical+imagerie+m%C3%A9dicale&l=France,https://fr.indeed.com/jobs?q=ULB+ing%C3%A9nieur+biomedical+imagerie+m%C3%A9dicale&l=France+Suisse,https://www.welcometothejungle.com/fr/jobs?query=ULB+ing%C3%A9nieur+biom%C3%A9dical+imagerie+m%C3%A9dicale+R%26D+software+medical+device&aroundQuery=France,PhD OR ingénieur R&D OR medical imaging OR biomedical OR Python OR MATLAB,verified_or_user_provided,Portail offres externes ULB; le script filtrera France/Suisse.,2026-05-29
yes,Cisteo,entreprise,France OR Suisse OR Switzerland,https://www.cisteomedical.com/en/career/,,,,,,,,,,https://www.linkedin.com/jobs/search/?keywords=Cisteo+engineer+biomedical+medical+imaging&location=France+Suisse,https://www.hellowork.com/fr-fr/emploi/recherche.html?k=Cisteo+ing%C3%A9nieur+biomedical+imagerie+m%C3%A9dicale&l=France,https://fr.indeed.com/jobs?q=Cisteo+ing%C3%A9nieur+biomedical+imagerie+m%C3%A9dicale&l=France+Suisse,https://www.welcometothejungle.com/fr/jobs?query=Cisteo+ing%C3%A9nieur+biom%C3%A9dical+imagerie+m%C3%A9dicale+R%26D+software+medical+device&aroundQuery=France,,verified_official,Official Cisteo Medical career page.,2026-05-29
yes,Kerimedical,entreprise,France OR Suisse OR Switzerland,https://fr.indeed.com/cmp/Keri-Medical-Sa/jobs,,,,,,,,,,https://www.linkedin.com/jobs/search/?keywords=Kerimedical+engineer+biomedical+medical+imaging&location=France+Suisse,https://www.hellowork.com/fr-fr/emploi/recherche.html?k=Kerimedical+ing%C3%A9nieur+biomedical+imagerie+m%C3%A9dicale&l=France,https://fr.indeed.com/jobs?q=Kerimedical+ing%C3%A9nieur+biomedical+imagerie+m%C3%A9dicale&l=France+Suisse,https://www.welcometothejungle.com/fr/jobs?query=Kerimedical+ing%C3%A9nieur+biom%C3%A9dical+imagerie+m%C3%A9dicale+R%26D+software+medical+device&aroundQuery=France,PhD OR ingénieur R&D OR medical imaging OR biomedical OR Python OR MATLAB,verified_or_user_provided,Page Indeed Keri Medical fournie.,2026-05-29
yes,Medtronic,entreprise,France OR Suisse OR Switzerland,https://medtronic.wd1.myworkdayjobs.com/fr-FR/MedtronicCareers?locationCountry=54c5b6971ffb4bf0b116fe7651ec789a,,,,,,,,,,https://www.linkedin.com/jobs/search/?keywords=Medtronic+engineer+biomedical+medical+imaging&location=France+Suisse,https://www.hellowork.com/fr-fr/emploi/recherche.html?k=Medtronic+ing%C3%A9nieur+biomedical+imagerie+m%C3%A9dicale&l=France,https://fr.indeed.com/jobs?q=Medtronic+ing%C3%A9nieur+biomedical+imagerie+m%C3%A9dicale&l=France+Suisse,https://www.welcometothejungle.com/fr/jobs?query=Medtronic+ing%C3%A9nieur+biom%C3%A9dical+imagerie+m%C3%A9dicale+R%26D+software+medical+device&aroundQuery=France,"PhD OR ingénieur R&D OR medical imaging OR biomedical OR Python OR MATLAB, source entreprises.csv, Dispositifs médicaux, ville PARIS 14, ingénieur R&D, dispositif médical, innovation médicale",verified_or_user_provided,Workday Medtronic filtré France. + aussi présent dans entreprises.csv + aussi présent dans entreprises.csv,2026-05-29
yes,Abbott,entreprise,France OR Suisse OR Switzerland,https://www.jobs.abbott/us/en/c/research-development-jobs,,,,,,,,,,https://www.linkedin.com/jobs/search/?keywords=Abbott+engineer+biomedical+medical+imaging&location=France+Suisse,https://www.hellowork.com/fr-fr/emploi/recherche.html?k=Abbott+ing%C3%A9nieur+biomedical+imagerie+m%C3%A9dicale&l=France,https://fr.indeed.com/jobs?q=Abbott+ing%C3%A9nieur+biomedical+imagerie+m%C3%A9dicale&l=France+Suisse,https://www.welcometothejungle.com/fr/jobs?query=Abbott+ing%C3%A9nieur+biom%C3%A9dical+imagerie+m%C3%A9dicale+R%26D+software+medical+device&aroundQuery=France,"PhD OR ingénieur R&D OR medical imaging OR biomedical OR Python OR MATLAB, source entreprises.csv, Dispositifs médicaux, ville ISSY-LES-MOULINEAUX, ingénieur R&D, dispositif médical, innovation médicale, Dispositifs médicaux de diagnostic in vitro, ville RUNGIS, ville Rungis, ville Issy-Les-Moulineaux Cedex",verified_or_user_provided,Portail Abbott R&D jobs. + aussi présent dans entreprises.csv + aussi présent dans entreprises.csv + aussi présent dans entreprises.csv + aussi présent dans entreprises.csv + aussi présent dans entreprises.csv,2026-05-29
yes,Merck,entreprise,France OR Suisse OR Switzerland,https://careers.merckgroup.com/global/en/search-results,,,,,,,,,,https://www.linkedin.com/jobs/search/?keywords=Merck+engineer+biomedical+medical+imaging&location=France+Suisse,https://www.hellowork.com/fr-fr/emploi/recherche.html?k=Merck+ing%C3%A9nieur+biomedical+imagerie+m%C3%A9dicale&l=France,https://fr.indeed.com/jobs?q=Merck+ing%C3%A9nieur+biomedical+imagerie+m%C3%A9dicale&l=France+Suisse,https://www.welcometothejungle.com/fr/jobs?query=Merck+ing%C3%A9nieur+biom%C3%A9dical+imagerie+m%C3%A9dicale+R%26D+software+medical+device&aroundQuery=France,PhD OR ingénieur R&D OR medical imaging OR biomedical OR Python OR MATLAB,verified_or_user_provided,Merck Group search results.,2026-05-29
yes,Biotronik,entreprise,France OR Suisse OR Switzerland,https://career5.successfactors.eu/career?company=C0001096615P&career%5fns=job%5flisting%5fsummary&navBarLevel=JOB%5fSEARCH&site=VjQtMC1hMS0zUmlLd0w3ZzJzYTJlTnloQ1hwZzNNSUV6TU9JYWVjVGlzeDF0RDdv&_s.crb=13aZCOfy7aIQeW7Cu20d%2f72m9qM6beANH9e0yWzzJNc%3d,,,,,,,,,,https://www.linkedin.com/jobs/search/?keywords=Biotronik+engineer+biomedical+medical+imaging&location=France+Suisse,https://www.hellowork.com/fr-fr/emploi/recherche.html?k=Biotronik+ing%C3%A9nieur+biomedical+imagerie+m%C3%A9dicale&l=France,https://fr.indeed.com/jobs?q=Biotronik+ing%C3%A9nieur+biomedical+imagerie+m%C3%A9dicale&l=France+Suisse,https://www.welcometothejungle.com/fr/jobs?query=Biotronik+ing%C3%A9nieur+biom%C3%A9dical+imagerie+m%C3%A9dicale+R%26D+software+medical+device&aroundQuery=France,"PhD OR ingénieur R&D OR medical imaging OR biomedical OR Python OR MATLAB, source entreprises.csv, Dispositifs médicaux, ville RUNGIS, ingénieur R&D, dispositif médical, innovation médicale, ville RUNGIS CEDEX",verified_or_user_provided,SuccessFactors BIOTRONIK fourni. + aussi présent dans entreprises.csv + aussi présent dans entreprises.csv,2026-05-29
yes,Zeiss,entreprise,France OR Suisse OR Switzerland,https://www.zeiss.com/career/en/job-search.html,,,,,,,,,,https://www.linkedin.com/jobs/search/?keywords=Zeiss+engineer+biomedical+medical+imaging&location=France+Suisse,https://www.hellowork.com/fr-fr/emploi/recherche.html?k=Zeiss+ing%C3%A9nieur+biomedical+imagerie+m%C3%A9dicale&l=France,https://fr.indeed.com/jobs?q=Zeiss+ing%C3%A9nieur+biomedical+imagerie+m%C3%A9dicale&l=France+Suisse,https://www.welcometothejungle.com/fr/jobs?query=Zeiss+ing%C3%A9nieur+biom%C3%A9dical+imagerie+m%C3%A9dicale+R%26D+software+medical+device&aroundQuery=France,,verified_official,Official ZEISS job search.,2026-05-29
yes,Align Technology,entreprise,France OR Suisse OR Switzerland,https://jobs.aligntech.com/search-job,,,,,,,,,,https://www.linkedin.com/jobs/search/?keywords=Align+Technology+engineer+biomedical+medical+imaging&location=France+Suisse,https://www.hellowork.com/fr-fr/emploi/recherche.html?k=Align+Technology+ing%C3%A9nieur+biomedical+imagerie+m%C3%A9dicale&l=France,https://fr.indeed.com/jobs?q=Align+Technology+ing%C3%A9nieur+biomedical+imagerie+m%C3%A9dicale&l=France+Suisse,https://www.welcometothejungle.com/fr/jobs?query=Align+Technology+ing%C3%A9nieur+biom%C3%A9dical+imagerie+m%C3%A9dicale+R%26D+software+medical+device&aroundQuery=France,,verified_official,Official Align Technology job search.,2026-05-29
yes,Cardinal Health,entreprise,France OR Suisse OR Switzerland,https://jobs.cardinalhealth.com/search/searchjobs,,,,,,,,,,https://www.linkedin.com/jobs/search/?keywords=Cardinal+Health+engineer+biomedical+medical+imaging&location=France+Suisse,https://www.hellowork.com/fr-fr/emploi/recherche.html?k=Cardinal+Health+ing%C3%A9nieur+biomedical+imagerie+m%C3%A9dicale&l=France,https://fr.indeed.com/jobs?q=Cardinal+Health+ing%C3%A9nieur+biomedical+imagerie+m%C3%A9dicale&l=France+Suisse,https://www.welcometothejungle.com/fr/jobs?query=Cardinal+Health+ing%C3%A9nieur+biom%C3%A9dical+imagerie+m%C3%A9dicale+R%26D+software+medical+device&aroundQuery=France,,verified_official,Official Cardinal Health jobs portal.,2026-05-29
yes,Hamilton Medical,entreprise,France OR Suisse OR Switzerland,https://jobs.hamilton.ch/en/open-positions/,,,,,,,,,,https://www.linkedin.com/jobs/search/?keywords=Hamilton+Medical+engineer+biomedical+medical+imaging&location=France+Suisse,https://www.hellowork.com/fr-fr/emploi/recherche.html?k=Hamilton+Medical+ing%C3%A9nieur+biomedical+imagerie+m%C3%A9dicale&l=France,https://fr.indeed.com/jobs?q=Hamilton+Medical+ing%C3%A9nieur+biomedical+imagerie+m%C3%A9dicale&l=France+Suisse,https://www.welcometothejungle.com/fr/jobs?query=Hamilton+Medical+ing%C3%A9nieur+biom%C3%A9dical+imagerie+m%C3%A9dicale+R%26D+software+medical+device&aroundQuery=France,"PhD OR ingénieur R&D OR medical imaging OR biomedical OR Python OR MATLAB, source entreprises.csv, Dispositifs médicaux, ville COURTABOEUF CEDEX, ingénieur R&D, dispositif médical, innovation médicale",verified_or_user_provided,Hamilton open positions. + aussi présent dans entreprises.csv,2026-05-29
yes,MSD Merck Sharp & Dohme,entreprise,France OR Suisse OR Switzerland,https://jobs.msd.com/fr/fr/search-results,,,,,,,,,,https://www.linkedin.com/jobs/search/?keywords=MSD+Merck+Sharp+%26+Dohme+engineer+biomedical+medical+imaging&location=France+Suisse,https://www.hellowork.com/fr-fr/emploi/recherche.html?k=MSD+Merck+Sharp+%26+Dohme+ing%C3%A9nieur+biomedical+imagerie+m%C3%A9dicale&l=France,https://fr.indeed.com/jobs?q=MSD+Merck+Sharp+%26+Dohme+ing%C3%A9nieur+biomedical+imagerie+m%C3%A9dicale&l=France+Suisse,https://www.welcometothejungle.com/fr/jobs?query=MSD+Merck+Sharp+%26+Dohme+ing%C3%A9nieur+biom%C3%A9dical+imagerie+m%C3%A9dicale+R%26D+software+medical+device&aroundQuery=France,PhD OR ingénieur R&D OR medical imaging OR biomedical OR Python OR MATLAB,verified_or_user_provided,MSD search results.,2026-05-29
yes,Trumpf,entreprise,France OR Suisse OR Switzerland,https://trumpf.wd3.myworkdayjobs.com/en-US/TRUMPF_Graduates_and_Professionals,,,,,,,,,,https://www.linkedin.com/jobs/search/?keywords=Trumpf+engineer+biomedical+medical+imaging&location=France+Suisse,https://www.hellowork.com/fr-fr/emploi/recherche.html?k=Trumpf+ing%C3%A9nieur+biomedical+imagerie+m%C3%A9dicale&l=France,https://fr.indeed.com/jobs?q=Trumpf+ing%C3%A9nieur+biomedical+imagerie+m%C3%A9dicale&l=France+Suisse,https://www.welcometothejungle.com/fr/jobs?query=Trumpf+ing%C3%A9nieur+biom%C3%A9dical+imagerie+m%C3%A9dicale+R%26D+software+medical+device&aroundQuery=France,PhD OR ingénieur R&D OR medical imaging OR biomedical OR Python OR MATLAB,verified_or_user_provided,TRUMPF Workday graduates/professionals.,2026-05-29
yes,Wandercraft,entreprise,France OR Suisse OR Switzerland,https://wandercraft.welcomekit.co/,,,,,,,,,,https://www.linkedin.com/jobs/search/?keywords=Wandercraft+engineer+biomedical+medical+imaging&location=France+Suisse,https://www.hellowork.com/fr-fr/emploi/recherche.html?k=Wandercraft+ing%C3%A9nieur+biomedical+imagerie+m%C3%A9dicale&l=France,https://fr.indeed.com/jobs?q=Wandercraft+ing%C3%A9nieur+biomedical+imagerie+m%C3%A9dicale&l=France+Suisse,https://www.welcometothejungle.com/fr/jobs?query=Wandercraft+ing%C3%A9nieur+biom%C3%A9dical+imagerie+m%C3%A9dicale+R%26D+software+medical+device&aroundQuery=France,,verified_official_ats,Official WelcomeKit job board for Wandercraft.,2026-05-29
yes,Johnson and Johnson,entreprise,France OR Suisse OR Switzerland,https://www.careers.jnj.com/en/jobs/?orderby=0&pagesize=20&page=1&radius=100&country=France,,,,,,,,,,https://www.linkedin.com/jobs/search/?keywords=Johnson+and+Johnson+engineer+biomedical+medical+imaging&location=France+Suisse,https://www.hellowork.com/fr-fr/emploi/recherche.html?k=Johnson+and+Johnson+ing%C3%A9nieur+biomedical+imagerie+m%C3%A9dicale&l=France,https://fr.indeed.com/jobs?q=Johnson+and+Johnson+ing%C3%A9nieur+biomedical+imagerie+m%C3%A9dicale&l=France+Suisse,https://www.welcometothejungle.com/fr/jobs?query=Johnson+and+Johnson+ing%C3%A9nieur+biom%C3%A9dical+imagerie+m%C3%A9dicale+R%26D+software+medical+device&aroundQuery=France,PhD OR ingénieur R&D OR medical imaging OR biomedical OR Python OR MATLAB,verified_or_user_provided,J&J jobs France.,2026-05-29
yes,Boston Scientific,entreprise,France OR Suisse OR Switzerland,https://bostonscientific.eightfold.ai/careers?start=0&pid=563602812450716&sort_by=hot&filter_country=France,,,,,,,,,,https://www.linkedin.com/jobs/search/?keywords=Boston+Scientific+engineer+biomedical+medical+imaging&location=France+Suisse,https://www.hellowork.com/fr-fr/emploi/recherche.html?k=Boston+Scientific+ing%C3%A9nieur+biomedical+imagerie+m%C3%A9dicale&l=France,https://fr.indeed.com/jobs?q=Boston+Scientific+ing%C3%A9nieur+biomedical+imagerie+m%C3%A9dicale&l=France+Suisse,https://www.welcometothejungle.com/fr/jobs?query=Boston+Scientific+ing%C3%A9nieur+biom%C3%A9dical+imagerie+m%C3%A9dicale+R%26D+software+medical+device&aroundQuery=France,"PhD OR ingénieur R&D OR medical imaging OR biomedical OR Python OR MATLAB, source entreprises.csv, Dispositifs médicaux, ville VOISINS-LE-BRETONNEUX, ingénieur R&D, dispositif médical, innovation médicale, ville VOISIN LE BRETONNEUX",verified_or_user_provided,Boston Scientific Eightfold France. + aussi présent dans entreprises.csv + aussi présent dans entreprises.csv + aussi présent dans entreprises.csv,2026-05-29
yes,Sysnav,entreprise,France OR Suisse OR Switzerland,https://sysnav.welcomekit.co/,,,,,,,,,,https://www.linkedin.com/jobs/search/?keywords=Sysnav+engineer+biomedical+medical+imaging&location=France+Suisse,https://www.hellowork.com/fr-fr/emploi/recherche.html?k=Sysnav+ing%C3%A9nieur+biomedical+imagerie+m%C3%A9dicale&l=France,https://fr.indeed.com/jobs?q=Sysnav+ing%C3%A9nieur+biomedical+imagerie+m%C3%A9dicale&l=France+Suisse,https://www.welcometothejungle.com/fr/jobs?query=Sysnav+ing%C3%A9nieur+biom%C3%A9dical+imagerie+m%C3%A9dicale+R%26D+software+medical+device&aroundQuery=France,,verified_official_ats,Official WelcomeKit job board for Sysnav.,2026-05-29
yes,Affluent Medical,entreprise,France OR Suisse OR Switzerland,https://www.emploi.leem.org/company/2087,,,,,,,,,,https://www.linkedin.com/jobs/search/?keywords=Affluent+Medical+engineer+biomedical+medical+imaging&location=France+Suisse,https://www.hellowork.com/fr-fr/emploi/recherche.html?k=Affluent+Medical+ing%C3%A9nieur+biomedical+imagerie+m%C3%A9dicale&l=France,https://fr.indeed.com/jobs?q=Affluent+Medical+ing%C3%A9nieur+biomedical+imagerie+m%C3%A9dicale&l=France+Suisse,https://www.welcometothejungle.com/fr/jobs?query=Affluent+Medical+ing%C3%A9nieur+biom%C3%A9dical+imagerie+m%C3%A9dicale+R%26D+software+medical+device&aroundQuery=France,,sector_jobboard_fallback,No official career page found; Leem employer page fallback.,2026-05-29
yes,Stago,entreprise,France OR Suisse OR Switzerland,https://www.stago.fr/carrieres/offres-demploi/%23page-search---index---lang---fr_FR/#page-search---index,,,,,,,,,,https://www.linkedin.com/jobs/search/?keywords=Stago+engineer+biomedical+medical+imaging&location=France+Suisse,https://www.hellowork.com/fr-fr/emploi/recherche.html?k=Stago+ing%C3%A9nieur+biomedical+imagerie+m%C3%A9dicale&l=France,https://fr.indeed.com/jobs?q=Stago+ing%C3%A9nieur+biomedical+imagerie+m%C3%A9dicale&l=France+Suisse,https://www.welcometothejungle.com/fr/jobs?query=Stago+ing%C3%A9nieur+biom%C3%A9dical+imagerie+m%C3%A9dicale+R%26D+software+medical+device&aroundQuery=France,PhD OR ingénieur R&D OR medical imaging OR biomedical OR Python OR MATLAB,verified_or_user_provided,Stago offres emploi.,2026-05-29
yes,Siemens Healthineers,entreprise,France OR Suisse OR Switzerland,https://careers.siemens-healthineers.com/global/en/c/manufacturing-jobs,https://careers.siemens-healthineers.com/global/en/c/clinical-jobs,,,,,,,,,https://www.linkedin.com/jobs/search/?keywords=Siemens+Healthineers+engineer+biomedical+medical+imaging&location=France+Suisse,https://www.hellowork.com/fr-fr/emploi/recherche.html?k=Siemens+Healthineers+ing%C3%A9nieur+biomedical+imagerie+m%C3%A9dicale&l=France,https://fr.indeed.com/jobs?q=Siemens+Healthineers+ing%C3%A9nieur+biomedical+imagerie+m%C3%A9dicale&l=France+Suisse,https://www.welcometothejungle.com/fr/jobs?query=Siemens+Healthineers+ing%C3%A9nieur+biom%C3%A9dical+imagerie+m%C3%A9dicale+R%26D+software+medical+device&aroundQuery=France,PhD OR ingénieur R&D OR medical imaging OR biomedical OR Python OR MATLAB,verified_or_user_provided,Siemens Healthineers manufacturing + clinical jobs.,2026-05-29
yes,Distalmotion,entreprise,France OR Suisse OR Switzerland,https://apply.workable.com/distalmotion/,,,,,,,,,,https://www.linkedin.com/jobs/search/?keywords=Distalmotion+engineer+biomedical+medical+imaging&location=France+Suisse,https://www.hellowork.com/fr-fr/emploi/recherche.html?k=Distalmotion+ing%C3%A9nieur+biomedical+imagerie+m%C3%A9dicale&l=France,https://fr.indeed.com/jobs?q=Distalmotion+ing%C3%A9nieur+biomedical+imagerie+m%C3%A9dicale&l=France+Suisse,https://www.welcometothejungle.com/fr/jobs?query=Distalmotion+ing%C3%A9nieur+biom%C3%A9dical+imagerie+m%C3%A9dicale+R%26D+software+medical+device&aroundQuery=France,,verified_official_ats,Official Workable board for Distalmotion.,2026-05-29
yes,Intuitive Surgical,entreprise,France OR Suisse OR Switzerland,https://careers.intuitive.com/en/jobs/,,,,,,,,,,https://www.linkedin.com/jobs/search/?keywords=Intuitive+Surgical+engineer+biomedical+medical+imaging&location=France+Suisse,https://www.hellowork.com/fr-fr/emploi/recherche.html?k=Intuitive+Surgical+ing%C3%A9nieur+biomedical+imagerie+m%C3%A9dicale&l=France,https://fr.indeed.com/jobs?q=Intuitive+Surgical+ing%C3%A9nieur+biomedical+imagerie+m%C3%A9dicale&l=France+Suisse,https://www.welcometothejungle.com/fr/jobs?query=Intuitive+Surgical+ing%C3%A9nieur+biom%C3%A9dical+imagerie+m%C3%A9dicale+R%26D+software+medical+device&aroundQuery=France,,verified_official,Official Intuitive jobs page.,2026-05-29
yes,Eyesoft,entreprise,France OR Suisse OR Switzerland,https://www.linkedin.com/company/eyesoftpro/jobs/,,,,,,,,,,https://www.linkedin.com/jobs/search/?keywords=Eyesoft+engineer+biomedical+medical+imaging&location=France+Suisse,https://www.hellowork.com/fr-fr/emploi/recherche.html?k=Eyesoft+ing%C3%A9nieur+biomedical+imagerie+m%C3%A9dicale&l=France,https://fr.indeed.com/jobs?q=Eyesoft+ing%C3%A9nieur+biomedical+imagerie+m%C3%A9dicale&l=France+Suisse,https://www.welcometothejungle.com/fr/jobs?query=Eyesoft+ing%C3%A9nieur+biom%C3%A9dical+imagerie+m%C3%A9dicale+R%26D+software+medical+device&aroundQuery=France,PhD OR ingénieur R&D OR medical imaging OR biomedical OR Python OR MATLAB,verified_or_user_provided,LinkedIn jobs Eyesoft.,2026-05-29
yes,Artedrone,entreprise,France OR Suisse OR Switzerland,https://fr.linkedin.com/company/artedrone/jobs,,,,,,,,,,https://www.linkedin.com/jobs/search/?keywords=Artedrone+engineer+biomedical+medical+imaging&location=France+Suisse,https://www.hellowork.com/fr-fr/emploi/recherche.html?k=Artedrone+ing%C3%A9nieur+biomedical+imagerie+m%C3%A9dicale&l=France,https://fr.indeed.com/jobs?q=Artedrone+ing%C3%A9nieur+biomedical+imagerie+m%C3%A9dicale&l=France+Suisse,https://www.welcometothejungle.com/fr/jobs?query=Artedrone+ing%C3%A9nieur+biom%C3%A9dical+imagerie+m%C3%A9dicale+R%26D+software+medical+device&aroundQuery=France,Artedrone micro-cathéter recrutement,linkedin_fallback,No official careers page found; LinkedIn company jobs fallback.,2026-05-29
yes,Alatyr Space,entreprise,France OR Suisse OR Switzerland,https://www.alatyr.space/careers,,,,,,,,,,https://www.linkedin.com/jobs/search/?keywords=Alatyr+Space+engineer+biomedical+medical+imaging&location=France+Suisse,https://www.hellowork.com/fr-fr/emploi/recherche.html?k=Alatyr+Space+ing%C3%A9nieur+biomedical+imagerie+m%C3%A9dicale&l=France,https://fr.indeed.com/jobs?q=Alatyr+Space+ing%C3%A9nieur+biomedical+imagerie+m%C3%A9dicale&l=France+Suisse,https://www.welcometothejungle.com/fr/jobs?query=Alatyr+Space+ing%C3%A9nieur+biom%C3%A9dical+imagerie+m%C3%A9dicale+R%26D+software+medical+device&aroundQuery=France,,verified_official,Official Alatyr careers page.,2026-05-29
yes,ESA,entreprise,France OR Suisse OR Switzerland,https://jobs.esa.int/,,,,,,,,,,https://www.linkedin.com/jobs/search/?keywords=ESA+engineer+biomedical+medical+imaging&location=France+Suisse,https://www.hellowork.com/fr-fr/emploi/recherche.html?k=ESA+ing%C3%A9nieur+biomedical+imagerie+m%C3%A9dicale&l=France,https://fr.indeed.com/jobs?q=ESA+ing%C3%A9nieur+biomedical+imagerie+m%C3%A9dicale&l=France+Suisse,https://www.welcometothejungle.com/fr/jobs?query=ESA+ing%C3%A9nieur+biom%C3%A9dical+imagerie+m%C3%A9dicale+R%26D+software+medical+device&aroundQuery=France,,verified_official,Official European Space Agency recruiting site.,2026-05-29
yes,Wyss Institute,labo,France OR Suisse OR Switzerland,https://wyss.harvard.edu/careers/,,,,,,,,,,https://www.linkedin.com/jobs/search/?keywords=Wyss+Institute+engineer+biomedical+medical+imaging&location=France+Suisse,https://www.hellowork.com/fr-fr/emploi/recherche.html?k=Wyss+Institute+ing%C3%A9nieur+biomedical+imagerie+m%C3%A9dicale&l=France,https://fr.indeed.com/jobs?q=Wyss+Institute+ing%C3%A9nieur+biomedical+imagerie+m%C3%A9dicale&l=France+Suisse,https://www.welcometothejungle.com/fr/jobs?query=Wyss+Institute+ing%C3%A9nieur+biom%C3%A9dical+imagerie+m%C3%A9dicale+R%26D+software+medical+device&aroundQuery=France,,verified_official,Official Wyss Institute careers page.,2026-05-29
yes,ARTORG,labo,France OR Suisse OR Switzerland,https://www.artorg.unibe.ch/about_us/jobs/index_eng.html,,,,,,,,,,https://www.linkedin.com/jobs/search/?keywords=ARTORG+engineer+biomedical+medical+imaging&location=France+Suisse,https://www.hellowork.com/fr-fr/emploi/recherche.html?k=ARTORG+ing%C3%A9nieur+biomedical+imagerie+m%C3%A9dicale&l=France,https://fr.indeed.com/jobs?q=ARTORG+ing%C3%A9nieur+biomedical+imagerie+m%C3%A9dicale&l=France+Suisse,https://www.welcometothejungle.com/fr/jobs?query=ARTORG+ing%C3%A9nieur+biom%C3%A9dical+imagerie+m%C3%A9dicale+R%26D+software+medical+device&aroundQuery=France,,verified_official,Official ARTORG jobs page.,2026-05-29
yes,Institut du Cerveau,labo,France OR Suisse OR Switzerland,https://offres.institutducerveau-icm.org/,,,,,,,,,,https://www.linkedin.com/jobs/search/?keywords=Institut+du+Cerveau+engineer+biomedical+medical+imaging&location=France+Suisse,https://www.hellowork.com/fr-fr/emploi/recherche.html?k=Institut+du+Cerveau+ing%C3%A9nieur+biomedical+imagerie+m%C3%A9dicale&l=France,https://fr.indeed.com/jobs?q=Institut+du+Cerveau+ing%C3%A9nieur+biomedical+imagerie+m%C3%A9dicale&l=France+Suisse,https://www.welcometothejungle.com/fr/jobs?query=Institut+du+Cerveau+ing%C3%A9nieur+biom%C3%A9dical+imagerie+m%C3%A9dicale+R%26D+software+medical+device&aroundQuery=France,,verified_official,Official Institut du Cerveau offers portal.,2026-05-29
yes,Lunaphore,entreprise,France OR Suisse OR Switzerland,https://biotechne.wd5.myworkdayjobs.com/Biotechne,,,,,,,,,,https://www.linkedin.com/jobs/search/?keywords=Lunaphore+engineer+biomedical+medical+imaging&location=France+Suisse,https://www.hellowork.com/fr-fr/emploi/recherche.html?k=Lunaphore+ing%C3%A9nieur+biomedical+imagerie+m%C3%A9dicale&l=France,https://fr.indeed.com/jobs?q=Lunaphore+ing%C3%A9nieur+biomedical+imagerie+m%C3%A9dicale&l=France+Suisse,https://www.welcometothejungle.com/fr/jobs?query=Lunaphore+ing%C3%A9nieur+biom%C3%A9dical+imagerie+m%C3%A9dicale+R%26D+software+medical+device&aroundQuery=France,PhD OR ingénieur R&D OR medical imaging OR biomedical OR Python OR MATLAB,verified_or_user_provided,Bio-Techne Workday pour Lunaphore.,2026-05-29
yes,CNRS,labo,France OR Suisse OR Switzerland,https://emploi.cnrs.fr/Offres/Recherche.aspx,,,,,,,,,,https://www.linkedin.com/jobs/search/?keywords=CNRS+engineer+biomedical+medical+imaging&location=France+Suisse,https://www.hellowork.com/fr-fr/emploi/recherche.html?k=CNRS+ing%C3%A9nieur+biomedical+imagerie+m%C3%A9dicale&l=France,https://fr.indeed.com/jobs?q=CNRS+ing%C3%A9nieur+biomedical+imagerie+m%C3%A9dicale&l=France+Suisse,https://www.welcometothejungle.com/fr/jobs?query=CNRS+ing%C3%A9nieur+biom%C3%A9dical+imagerie+m%C3%A9dicale+R%26D+software+medical+device&aroundQuery=France,PhD OR ingénieur R&D OR medical imaging OR biomedical OR Python OR MATLAB,verified_or_user_provided,Recherche offres CNRS.,2026-05-29
yes,Inserm,labo,France OR Suisse OR Switzerland,https://pro.inserm.fr/rubriques/nous-rejoindre/offres-demploi,,,,,,,,,,https://www.linkedin.com/jobs/search/?keywords=Inserm+engineer+biomedical+medical+imaging&location=France+Suisse,https://www.hellowork.com/fr-fr/emploi/recherche.html?k=Inserm+ing%C3%A9nieur+biomedical+imagerie+m%C3%A9dicale&l=France,https://fr.indeed.com/jobs?q=Inserm+ing%C3%A9nieur+biomedical+imagerie+m%C3%A9dicale&l=France+Suisse,https://www.welcometothejungle.com/fr/jobs?query=Inserm+ing%C3%A9nieur+biom%C3%A9dical+imagerie+m%C3%A9dicale+R%26D+software+medical+device&aroundQuery=France,,verified_official,Official Inserm job offers page.,2026-05-29
yes,Institut Pasteur,labo,France OR Suisse OR Switzerland,https://emploi.pasteur.fr/offre-de-emploi/liste-offres.aspx,,,,,,,,,,https://www.linkedin.com/jobs/search/?keywords=Institut+Pasteur+engineer+biomedical+medical+imaging&location=France+Suisse,https://www.hellowork.com/fr-fr/emploi/recherche.html?k=Institut+Pasteur+ing%C3%A9nieur+biomedical+imagerie+m%C3%A9dicale&l=France,https://fr.indeed.com/jobs?q=Institut+Pasteur+ing%C3%A9nieur+biomedical+imagerie+m%C3%A9dicale&l=France+Suisse,https://www.welcometothejungle.com/fr/jobs?query=Institut+Pasteur+ing%C3%A9nieur+biom%C3%A9dical+imagerie+m%C3%A9dicale+R%26D+software+medical+device&aroundQuery=France,,verified_official,Official Institut Pasteur job offers.,2026-05-29
yes,Institut Curie,labo,France OR Suisse OR Switzerland,https://curie.fr/offres-emploi,,,,,,,,,,https://www.linkedin.com/jobs/search/?keywords=Institut+Curie+engineer+biomedical+medical+imaging&location=France+Suisse,https://www.hellowork.com/fr-fr/emploi/recherche.html?k=Institut+Curie+ing%C3%A9nieur+biomedical+imagerie+m%C3%A9dicale&l=France,https://fr.indeed.com/jobs?q=Institut+Curie+ing%C3%A9nieur+biomedical+imagerie+m%C3%A9dicale&l=France+Suisse,https://www.welcometothejungle.com/fr/jobs?query=Institut+Curie+ing%C3%A9nieur+biom%C3%A9dical+imagerie+m%C3%A9dicale+R%26D+software+medical+device&aroundQuery=France,,verified_official,Official Institut Curie job offers.,2026-05-29
yes,Iconeus,entreprise,France OR Suisse OR Switzerland,https://iconeus.com/about-us/careers/,,,,,,,,,,https://www.linkedin.com/jobs/search/?keywords=Iconeus+engineer+biomedical+medical+imaging&location=France+Suisse,https://www.hellowork.com/fr-fr/emploi/recherche.html?k=Iconeus+ing%C3%A9nieur+biomedical+imagerie+m%C3%A9dicale&l=France,https://fr.indeed.com/jobs?q=Iconeus+ing%C3%A9nieur+biomedical+imagerie+m%C3%A9dicale&l=France+Suisse,https://www.welcometothejungle.com/fr/jobs?query=Iconeus+ing%C3%A9nieur+biom%C3%A9dical+imagerie+m%C3%A9dicale+R%26D+software+medical+device&aroundQuery=France,,verified_official,Official Iconeus careers page.,2026-05-29
yes,UPEC,labo,France OR Suisse OR Switzerland,https://u-pec.nous-recrutons.fr/,,,,,,,,,,https://www.linkedin.com/jobs/search/?keywords=UPEC+engineer+biomedical+medical+imaging&location=France+Suisse,https://www.hellowork.com/fr-fr/emploi/recherche.html?k=UPEC+ing%C3%A9nieur+biomedical+imagerie+m%C3%A9dicale&l=France,https://fr.indeed.com/jobs?q=UPEC+ing%C3%A9nieur+biomedical+imagerie+m%C3%A9dicale&l=France+Suisse,https://www.welcometothejungle.com/fr/jobs?query=UPEC+ing%C3%A9nieur+biom%C3%A9dical+imagerie+m%C3%A9dicale+R%26D+software+medical+device&aroundQuery=France,PhD OR ingénieur R&D OR medical imaging OR biomedical OR Python OR MATLAB,verified_or_user_provided,Portail recrutement UPEC.,2026-05-29
yes,Abbot,entreprise,France OR Suisse OR Switzerland,https://www.jobs.abbott/us/en/c/research-development-jobs,,,,,,,,,,https://www.linkedin.com/jobs/search/?keywords=Abbot+engineer+biomedical+medical+imaging&location=France+Suisse,https://www.hellowork.com/fr-fr/emploi/recherche.html?k=Abbot+ing%C3%A9nieur+biomedical+imagerie+m%C3%A9dicale&l=France,https://fr.indeed.com/jobs?q=Abbot+ing%C3%A9nieur+biomedical+imagerie+m%C3%A9dicale&l=France+Suisse,https://www.welcometothejungle.com/fr/jobs?query=Abbot+ing%C3%A9nieur+biom%C3%A9dical+imagerie+m%C3%A9dicale+R%26D+software+medical+device&aroundQuery=France,PhD OR ingénieur R&D OR medical imaging OR biomedical OR Python OR MATLAB,verified_or_user_provided,Portail Abbott R&D jobs.,2026-05-29
yes,MSD,entreprise,France OR Suisse OR Switzerland,https://jobs.msd.com/fr/fr/search-results,,,,,,,,,,https://www.linkedin.com/jobs/search/?keywords=MSD+engineer+biomedical+medical+imaging&location=France+Suisse,https://www.hellowork.com/fr-fr/emploi/recherche.html?k=MSD+ing%C3%A9nieur+biomedical+imagerie+m%C3%A9dicale&l=France,https://fr.indeed.com/jobs?q=MSD+ing%C3%A9nieur+biomedical+imagerie+m%C3%A9dicale&l=France+Suisse,https://www.welcometothejungle.com/fr/jobs?query=MSD+ing%C3%A9nieur+biom%C3%A9dical+imagerie+m%C3%A9dicale+R%26D+software+medical+device&aroundQuery=France,PhD OR ingénieur R&D OR medical imaging OR biomedical OR Python OR MATLAB,verified_or_user_provided,MSD search results.,2026-05-29
yes,Siemens,entreprise,France OR Suisse OR Switzerland,https://careers.siemens-healthineers.com/global/en/c/manufacturing-jobs,https://careers.siemens-healthineers.com/global/en/c/clinical-jobs,,,,,,,,,https://www.linkedin.com/jobs/search/?keywords=Siemens+engineer+biomedical+medical+imaging&location=France+Suisse,https://www.hellowork.com/fr-fr/emploi/recherche.html?k=Siemens+ing%C3%A9nieur+biomedical+imagerie+m%C3%A9dicale&l=France,https://fr.indeed.com/jobs?q=Siemens+ing%C3%A9nieur+biomedical+imagerie+m%C3%A9dicale&l=France+Suisse,https://www.welcometothejungle.com/fr/jobs?query=Siemens+ing%C3%A9nieur+biom%C3%A9dical+imagerie+m%C3%A9dicale+R%26D+software+medical+device&aroundQuery=France,PhD OR ingénieur R&D OR medical imaging OR biomedical OR Python OR MATLAB,verified_or_user_provided,Siemens Healthineers manufacturing + clinical jobs.,2026-05-29
yes,Inria,labo,France OR Suisse OR Switzerland,https://jobs.inria.fr/public/classic/en/offres,https://jobs.inria.fr/public/classic/en/offres?filtre=doctorants,https://jobs.inria.fr/public/classic/fr/offres?filtre=ingenieurs,,,,,,,,https://www.linkedin.com/jobs/search/?keywords=Inria+engineer+biomedical+medical+imaging&location=France+Suisse,https://www.hellowork.com/fr-fr/emploi/recherche.html?k=Inria+ing%C3%A9nieur+biomedical+imagerie+m%C3%A9dicale&l=France,https://fr.indeed.com/jobs?q=Inria+ing%C3%A9nieur+biomedical+imagerie+m%C3%A9dicale&l=France+Suisse,https://www.welcometothejungle.com/fr/jobs?query=Inria+ing%C3%A9nieur+biom%C3%A9dical+imagerie+m%C3%A9dicale+R%26D+software+medical+device&aroundQuery=France,"PhD OR ingénieur R&D OR medical imaging OR biomedical OR Python OR MATLAB, IA, imagerie médicale, logiciel scientifique, research engineer",verified_official,Inria jobs + filtre doctorants.,2026-05-29
yes,CEA-LIST,labo,France OR Suisse OR Switzerland,https://list.cea.fr/en/cea-list-more-than-just-a-place-to-work/,https://www.emploi.cea.fr/offre-de-emploi/liste-offres.aspx,,,,,,,,,https://www.linkedin.com/jobs/search/?keywords=CEA-LIST+engineer+biomedical+medical+imaging&location=France+Suisse,https://www.hellowork.com/fr-fr/emploi/recherche.html?k=CEA-LIST+ing%C3%A9nieur+biomedical+imagerie+m%C3%A9dicale&l=France,https://fr.indeed.com/jobs?q=CEA-LIST+ing%C3%A9nieur+biomedical+imagerie+m%C3%A9dicale&l=France+Suisse,https://www.welcometothejungle.com/fr/jobs?query=CEA-LIST+ing%C3%A9nieur+biom%C3%A9dical+imagerie+m%C3%A9dicale+R%26D+software+medical+device&aroundQuery=France,PhD OR ingénieur R&D OR medical imaging OR biomedical OR Python OR MATLAB,verified_official,CEA-LIST careers page + CEA offers.,2026-05-29
yes,CHUV,labo,France OR Suisse OR Switzerland,https://recrutement.chuv.ch/home.html,,,,,,,,,,https://www.linkedin.com/jobs/search/?keywords=CHUV+engineer+biomedical+medical+imaging&location=France+Suisse,https://www.hellowork.com/fr-fr/emploi/recherche.html?k=CHUV+ing%C3%A9nieur+biomedical+imagerie+m%C3%A9dicale&l=France,https://fr.indeed.com/jobs?q=CHUV+ing%C3%A9nieur+biomedical+imagerie+m%C3%A9dicale&l=France+Suisse,https://www.welcometothejungle.com/fr/jobs?query=CHUV+ing%C3%A9nieur+biom%C3%A9dical+imagerie+m%C3%A9dicale+R%26D+software+medical+device&aroundQuery=France,PhD OR ingénieur R&D OR medical imaging OR biomedical OR Python OR MATLAB,verified_official,CHUV recruitment portal.,2026-05-29
yes,Therapixel,entreprise,France,https://www.therapixel.com/careers/,,,,,,,,,,https://www.linkedin.com/jobs/search/?keywords=Therapixel+IA+imagerie+m%C3%A9dicale%2C+software+engineer%2C+QA%2C+cloud+sant%C3%A9%2C+PyTorch%2C+computer+vision&location=France%20Suisse,https://www.hellowork.com/fr-fr/emploi/recherche.html?k=Therapixel+IA+imagerie+m%C3%A9dicale%2C+software+engineer%2C+QA%2C+cloud+sant%C3%A9%2C+PyTorch%2C+computer+vision&l=France,https://fr.indeed.com/jobs?q=Therapixel+IA+imagerie+m%C3%A9dicale%2C+software+engineer%2C+QA%2C+cloud+sant%C3%A9%2C+PyTorch%2C+computer+vision&l=France%20Suisse,https://www.welcometothejungle.com/fr/jobs?query=Therapixel+IA+imagerie+m%C3%A9dicale%2C+software+engineer%2C+QA%2C+cloud+sant%C3%A9%2C+PyTorch%2C+computer+vision&aroundQuery=France,"IA imagerie médicale, software engineer, QA, cloud santé, PyTorch, computer vision",verified_or_user_provided,Ajout explicite demandé / liste innovation médicale.,2026-05-29
yes,Gleamer,entreprise,France,https://www.gleamer.ai/jobs,,,,,,,,,,https://www.linkedin.com/jobs/search/?keywords=Gleamer+IA+radiologie%2C+imagerie+m%C3%A9dicale%2C+computer+vision%2C+r%C3%A9glementation&location=France%20Suisse,https://www.hellowork.com/fr-fr/emploi/recherche.html?k=Gleamer+IA+radiologie%2C+imagerie+m%C3%A9dicale%2C+computer+vision%2C+r%C3%A9glementation&l=France,https://fr.indeed.com/jobs?q=Gleamer+IA+radiologie%2C+imagerie+m%C3%A9dicale%2C+computer+vision%2C+r%C3%A9glementation&l=France%20Suisse,https://www.welcometothejungle.com/fr/jobs?query=Gleamer+IA+radiologie%2C+imagerie+m%C3%A9dicale%2C+computer+vision%2C+r%C3%A9glementation&aroundQuery=France,"IA radiologie, imagerie médicale, computer vision, réglementation, source entreprises.csv, Dispositifs médicaux, ville SAINT-MANDE, ingénieur R&D, dispositif médical, innovation médicale",verified_or_user_provided,Ajout explicite demandé / liste innovation médicale. + aussi présent dans entreprises.csv + aussi présent dans entreprises.csv,2026-05-29
yes,AZmed,entreprise,France,https://www.azmed.co/career,,,,,,,,,,https://www.linkedin.com/jobs/search/?keywords=AZmed+IA+radiologie%2C+deep+learning%2C+imagerie+m%C3%A9dicale&location=France%20Suisse,https://www.hellowork.com/fr-fr/emploi/recherche.html?k=AZmed+IA+radiologie%2C+deep+learning%2C+imagerie+m%C3%A9dicale&l=France,https://fr.indeed.com/jobs?q=AZmed+IA+radiologie%2C+deep+learning%2C+imagerie+m%C3%A9dicale&l=France%20Suisse,https://www.welcometothejungle.com/fr/jobs?query=AZmed+IA+radiologie%2C+deep+learning%2C+imagerie+m%C3%A9dicale&aroundQuery=France,"IA radiologie, deep learning, imagerie médicale",verified_or_user_provided,Ajout explicite demandé / liste innovation médicale.,2026-05-29
yes,Incepto Medical,entreprise,France OR Suisse,https://incepto-medical.com/,,,,,,,,,,https://www.linkedin.com/jobs/search/?keywords=Incepto+Medical+IA+imagerie+m%C3%A9dicale%2C+plateforme+clinique%2C+deployment+engineer&location=France%20Suisse,https://www.hellowork.com/fr-fr/emploi/recherche.html?k=Incepto+Medical+IA+imagerie+m%C3%A9dicale%2C+plateforme+clinique%2C+deployment+engineer&l=France,https://fr.indeed.com/jobs?q=Incepto+Medical+IA+imagerie+m%C3%A9dicale%2C+plateforme+clinique%2C+deployment+engineer&l=France%20Suisse,https://www.welcometothejungle.com/fr/jobs?query=Incepto+Medical+IA+imagerie+m%C3%A9dicale%2C+plateforme+clinique%2C+deployment+engineer&aroundQuery=France,"IA imagerie médicale, plateforme clinique, deployment engineer, source entreprises.csv, Dispositifs médicaux, ville PARIS, ingénieur R&D, dispositif médical, innovation médicale",verified_or_user_provided,Ajout explicite demandé / liste innovation médicale. + aussi présent dans entreprises.csv,2026-05-29
yes,Robeauté,entreprise,France,https://apply.workable.com/robeaute/,,,,,,,,,,https://www.linkedin.com/jobs/search/?keywords=Robeaut%C3%A9+robotique+m%C3%A9dicale%2C+neurochirurgie%2C+software+test+engineer%2C+surgical+robotics&location=France%20Suisse,https://www.hellowork.com/fr-fr/emploi/recherche.html?k=Robeaut%C3%A9+robotique+m%C3%A9dicale%2C+neurochirurgie%2C+software+test+engineer%2C+surgical+robotics&l=France,https://fr.indeed.com/jobs?q=Robeaut%C3%A9+robotique+m%C3%A9dicale%2C+neurochirurgie%2C+software+test+engineer%2C+surgical+robotics&l=France%20Suisse,https://www.welcometothejungle.com/fr/jobs?query=Robeaut%C3%A9+robotique+m%C3%A9dicale%2C+neurochirurgie%2C+software+test+engineer%2C+surgical+robotics&aroundQuery=France,"robotique médicale, neurochirurgie, software test engineer, surgical robotics",verified_or_user_provided,Ajout explicite demandé / liste innovation médicale.,2026-05-29
yes,Quantum Surgical,entreprise,France,https://www.quantumsurgical.com/careers,,,,,,,,,,https://www.linkedin.com/jobs/search/?keywords=Quantum+Surgical+robotique+m%C3%A9dicale%2C+cancer%2C+R%26D+engineer%2C+software+engineer%2C+V%26V&location=France%20Suisse,https://www.hellowork.com/fr-fr/emploi/recherche.html?k=Quantum+Surgical+robotique+m%C3%A9dicale%2C+cancer%2C+R%26D+engineer%2C+software+engineer%2C+V%26V&l=France,https://fr.indeed.com/jobs?q=Quantum+Surgical+robotique+m%C3%A9dicale%2C+cancer%2C+R%26D+engineer%2C+software+engineer%2C+V%26V&l=France%20Suisse,https://www.welcometothejungle.com/fr/jobs?query=Quantum+Surgical+robotique+m%C3%A9dicale%2C+cancer%2C+R%26D+engineer%2C+software+engineer%2C+V%26V&aroundQuery=France,"robotique médicale, cancer, R&D engineer, software engineer, V&V",verified_or_user_provided,Ajout explicite demandé / liste innovation médicale.,2026-05-29
yes,Robocath,entreprise,France,https://www.robocath.com/careers/,,,,,,,,,,https://www.linkedin.com/jobs/search/?keywords=Robocath+robotique+vasculaire%2C+dispositif+m%C3%A9dical%2C+validation%2C+R%26D&location=France%20Suisse,https://www.hellowork.com/fr-fr/emploi/recherche.html?k=Robocath+robotique+vasculaire%2C+dispositif+m%C3%A9dical%2C+validation%2C+R%26D&l=France,https://fr.indeed.com/jobs?q=Robocath+robotique+vasculaire%2C+dispositif+m%C3%A9dical%2C+validation%2C+R%26D&l=France%20Suisse,https://www.welcometothejungle.com/fr/jobs?query=Robocath+robotique+vasculaire%2C+dispositif+m%C3%A9dical%2C+validation%2C+R%26D&aroundQuery=France,"robotique vasculaire, dispositif médical, validation, R&D",verified_or_user_provided,Ajout explicite demandé / liste innovation médicale.,2026-05-29
yes,Sonio,entreprise,France,https://www.welcometothejungle.com/fr/companies/sonio/jobs,,,,,,,,,,https://www.linkedin.com/jobs/search/?keywords=Sonio+IA+%C3%A9chographie+pr%C3%A9natale%2C+data+scientist%2C+health+AI&location=France%20Suisse,https://www.hellowork.com/fr-fr/emploi/recherche.html?k=Sonio+IA+%C3%A9chographie+pr%C3%A9natale%2C+data+scientist%2C+health+AI&l=France,https://fr.indeed.com/jobs?q=Sonio+IA+%C3%A9chographie+pr%C3%A9natale%2C+data+scientist%2C+health+AI&l=France%20Suisse,https://www.welcometothejungle.com/fr/jobs?query=Sonio+IA+%C3%A9chographie+pr%C3%A9natale%2C+data+scientist%2C+health+AI&aroundQuery=France,"IA échographie prénatale, data scientist, health AI, source entreprises.csv, Dispositifs médicaux, ville PARIS 14, ingénieur R&D, dispositif médical, innovation médicale",verified_or_user_provided,Ajout explicite demandé / liste innovation médicale. + aussi présent dans entreprises.csv,2026-05-29
yes,Median Technologies,entreprise,France,https://mediantechnologies.com/careers/,,,,,,,,,,https://www.linkedin.com/jobs/search/?keywords=Median+Technologies+imagerie+oncologie%2C+SaMD%2C+IA%2C+image+processing&location=France%20Suisse,https://www.hellowork.com/fr-fr/emploi/recherche.html?k=Median+Technologies+imagerie+oncologie%2C+SaMD%2C+IA%2C+image+processing&l=France,https://fr.indeed.com/jobs?q=Median+Technologies+imagerie+oncologie%2C+SaMD%2C+IA%2C+image+processing&l=France%20Suisse,https://www.welcometothejungle.com/fr/jobs?query=Median+Technologies+imagerie+oncologie%2C+SaMD%2C+IA%2C+image+processing&aroundQuery=France,"imagerie oncologie, SaMD, IA, image processing",verified_or_user_provided,Ajout explicite demandé / liste innovation médicale.,2026-05-29
yes,Owkin,entreprise,France,https://www.owkin.com/careers,,,,,,,,,,https://www.linkedin.com/jobs/search/?keywords=Owkin+IA+biom%C3%A9dicale%2C+machine+learning%2C+data+science%2C+software+engineer&location=France%20Suisse,https://www.hellowork.com/fr-fr/emploi/recherche.html?k=Owkin+IA+biom%C3%A9dicale%2C+machine+learning%2C+data+science%2C+software+engineer&l=France,https://fr.indeed.com/jobs?q=Owkin+IA+biom%C3%A9dicale%2C+machine+learning%2C+data+science%2C+software+engineer&l=France%20Suisse,https://www.welcometothejungle.com/fr/jobs?query=Owkin+IA+biom%C3%A9dicale%2C+machine+learning%2C+data+science%2C+software+engineer&aroundQuery=France,"IA biomédicale, machine learning, data science, software engineer",verified_or_user_provided,Ajout explicite demandé / liste innovation médicale.,2026-05-29
yes,Moon Surgical,entreprise,France,https://www.linkedin.com/company/moonsurgical/jobs/,,,,,,,,,,https://www.linkedin.com/jobs/search/?keywords=Moon+Surgical+robotique+chirurgicale%2C+computer+vision%2C+syst%C3%A8me%2C+software&location=France%20Suisse,https://www.hellowork.com/fr-fr/emploi/recherche.html?k=Moon+Surgical+robotique+chirurgicale%2C+computer+vision%2C+syst%C3%A8me%2C+software&l=France,https://fr.indeed.com/jobs?q=Moon+Surgical+robotique+chirurgicale%2C+computer+vision%2C+syst%C3%A8me%2C+software&l=France%20Suisse,https://www.welcometothejungle.com/fr/jobs?query=Moon+Surgical+robotique+chirurgicale%2C+computer+vision%2C+syst%C3%A8me%2C+software&aroundQuery=France,"robotique chirurgicale, computer vision, système, software",verified_or_user_provided,Ajout explicite demandé / liste innovation médicale.,2026-05-29
yes,Pixyl,entreprise,France,https://www.linkedin.com/company/pixyl/jobs/,,,,,,,,,,https://www.linkedin.com/jobs/search/?keywords=Pixyl+IA+neuroimagerie%2C+medical+imaging%2C+software&location=France%20Suisse,https://www.hellowork.com/fr-fr/emploi/recherche.html?k=Pixyl+IA+neuroimagerie%2C+medical+imaging%2C+software&l=France,https://fr.indeed.com/jobs?q=Pixyl+IA+neuroimagerie%2C+medical+imaging%2C+software&l=France%20Suisse,https://www.welcometothejungle.com/fr/jobs?query=Pixyl+IA+neuroimagerie%2C+medical+imaging%2C+software&aroundQuery=France,"IA neuroimagerie, medical imaging, software",verified_or_user_provided,Ajout explicite demandé / liste innovation médicale.,2026-05-29
yes,CARMAT,entreprise,France,https://www.carmat.fr/en/careers/,,,,,,,,,,https://www.linkedin.com/jobs/search/?keywords=CARMAT+dispositif+m%C3%A9dical+implantable%2C+syst%C3%A8me%2C+V%26V%2C+qualit%C3%A9&location=France%20Suisse,https://www.hellowork.com/fr-fr/emploi/recherche.html?k=CARMAT+dispositif+m%C3%A9dical+implantable%2C+syst%C3%A8me%2C+V%26V%2C+qualit%C3%A9&l=France,https://fr.indeed.com/jobs?q=CARMAT+dispositif+m%C3%A9dical+implantable%2C+syst%C3%A8me%2C+V%26V%2C+qualit%C3%A9&l=France%20Suisse,https://www.welcometothejungle.com/fr/jobs?query=CARMAT+dispositif+m%C3%A9dical+implantable%2C+syst%C3%A8me%2C+V%26V%2C+qualit%C3%A9&aroundQuery=France,"dispositif médical implantable, système, V&V, qualité, source entreprises.csv, Dispositifs médicaux, ville VELIZY VILLACOUBLAY, ingénieur R&D, dispositif médical, innovation médicale",verified_or_user_provided,Ajout explicite demandé / liste innovation médicale. + aussi présent dans entreprises.csv,2026-05-29
yes,SpineGuard,entreprise,France,https://www.spineguard.com/careers/,,,,,,,,,,https://www.linkedin.com/jobs/search/?keywords=SpineGuard+chirurgie+rachis%2C+dispositif+m%C3%A9dical%2C+R%26D%2C+biom%C3%A9canique&location=France%20Suisse,https://www.hellowork.com/fr-fr/emploi/recherche.html?k=SpineGuard+chirurgie+rachis%2C+dispositif+m%C3%A9dical%2C+R%26D%2C+biom%C3%A9canique&l=France,https://fr.indeed.com/jobs?q=SpineGuard+chirurgie+rachis%2C+dispositif+m%C3%A9dical%2C+R%26D%2C+biom%C3%A9canique&l=France%20Suisse,https://www.welcometothejungle.com/fr/jobs?query=SpineGuard+chirurgie+rachis%2C+dispositif+m%C3%A9dical%2C+R%26D%2C+biom%C3%A9canique&aroundQuery=France,"chirurgie rachis, dispositif médical, R&D, biomécanique",verified_or_user_provided,Ajout explicite demandé / liste innovation médicale.,2026-05-29
yes,Balt,entreprise,France,https://baltgroup.com/careers/,,,,,,,,,,https://www.linkedin.com/jobs/search/?keywords=Balt+neurovasculaire%2C+dispositif+m%C3%A9dical%2C+R%26D%2C+qualit%C3%A9&location=France%20Suisse,https://www.hellowork.com/fr-fr/emploi/recherche.html?k=Balt+neurovasculaire%2C+dispositif+m%C3%A9dical%2C+R%26D%2C+qualit%C3%A9&l=France,https://fr.indeed.com/jobs?q=Balt+neurovasculaire%2C+dispositif+m%C3%A9dical%2C+R%26D%2C+qualit%C3%A9&l=France%20Suisse,https://www.welcometothejungle.com/fr/jobs?query=Balt+neurovasculaire%2C+dispositif+m%C3%A9dical%2C+R%26D%2C+qualit%C3%A9&aroundQuery=France,"neurovasculaire, dispositif médical, R&D, qualité, source entreprises.csv, Dispositifs médicaux, ville Montmorency, ingénieur R&D, innovation médicale",verified_or_user_provided,Ajout explicite demandé / liste innovation médicale. + aussi présent dans entreprises.csv,2026-05-29
yes,Sophysa,entreprise,France,https://www.sophysa.com/careers/,,,,,,,,,,https://www.linkedin.com/jobs/search/?keywords=Sophysa+neurochirurgie%2C+dispositifs+implantables%2C+R%26D%2C+validation&location=France%20Suisse,https://www.hellowork.com/fr-fr/emploi/recherche.html?k=Sophysa+neurochirurgie%2C+dispositifs+implantables%2C+R%26D%2C+validation&l=France,https://fr.indeed.com/jobs?q=Sophysa+neurochirurgie%2C+dispositifs+implantables%2C+R%26D%2C+validation&l=France%20Suisse,https://www.welcometothejungle.com/fr/jobs?query=Sophysa+neurochirurgie%2C+dispositifs+implantables%2C+R%26D%2C+validation&aroundQuery=France,"neurochirurgie, dispositifs implantables, R&D, validation, source entreprises.csv, Dispositifs médicaux, ville ORSAY, ingénieur R&D, dispositif médical, innovation médicale",verified_or_user_provided,Ajout explicite demandé / liste innovation médicale. + aussi présent dans entreprises.csv + aussi présent dans entreprises.csv,2026-05-29
yes,Withings Health Solutions,entreprise,France,https://www.withings.com/fr/en/careers,,,,,,,,,,https://www.linkedin.com/jobs/search/?keywords=Withings+Health+Solutions+sant%C3%A9+connect%C3%A9e%2C+dispositifs+m%C3%A9dicaux%2C+software%2C+data&location=France%20Suisse,https://www.hellowork.com/fr-fr/emploi/recherche.html?k=Withings+Health+Solutions+sant%C3%A9+connect%C3%A9e%2C+dispositifs+m%C3%A9dicaux%2C+software%2C+data&l=France,https://fr.indeed.com/jobs?q=Withings+Health+Solutions+sant%C3%A9+connect%C3%A9e%2C+dispositifs+m%C3%A9dicaux%2C+software%2C+data&l=France%20Suisse,https://www.welcometothejungle.com/fr/jobs?query=Withings+Health+Solutions+sant%C3%A9+connect%C3%A9e%2C+dispositifs+m%C3%A9dicaux%2C+software%2C+data&aroundQuery=France,"santé connectée, dispositifs médicaux, software, data",verified_or_user_provided,Ajout explicite demandé / liste innovation médicale.,2026-05-29
yes,Doctolib Engineering,entreprise,France,https://careers.doctolib.com/,,,,,,,,,,https://www.linkedin.com/jobs/search/?keywords=Doctolib+Engineering+logiciel+sant%C3%A9%2C+data%2C+product+engineering%2C+health+tech&location=France%20Suisse,https://www.hellowork.com/fr-fr/emploi/recherche.html?k=Doctolib+Engineering+logiciel+sant%C3%A9%2C+data%2C+product+engineering%2C+health+tech&l=France,https://fr.indeed.com/jobs?q=Doctolib+Engineering+logiciel+sant%C3%A9%2C+data%2C+product+engineering%2C+health+tech&l=France%20Suisse,https://www.welcometothejungle.com/fr/jobs?query=Doctolib+Engineering+logiciel+sant%C3%A9%2C+data%2C+product+engineering%2C+health+tech&aroundQuery=France,"logiciel santé, data, product engineering, health tech",verified_or_user_provided,Ajout explicite demandé / liste innovation médicale.,2026-05-29
yes,AI Medical AG,entreprise,Suisse OR Switzerland,https://www.ai-medical.ch/careers,,,,,,,,,,https://www.linkedin.com/jobs/search/?keywords=AI+Medical+AG+IA+m%C3%A9dicale%2C+computer+vision%2C+imagerie+c%C3%A9r%C3%A9brale%2C+deep+learning&location=France%20Suisse,https://www.hellowork.com/fr-fr/emploi/recherche.html?k=AI+Medical+AG+IA+m%C3%A9dicale%2C+computer+vision%2C+imagerie+c%C3%A9r%C3%A9brale%2C+deep+learning&l=France,https://fr.indeed.com/jobs?q=AI+Medical+AG+IA+m%C3%A9dicale%2C+computer+vision%2C+imagerie+c%C3%A9r%C3%A9brale%2C+deep+learning&l=France%20Suisse,https://www.welcometothejungle.com/fr/jobs?query=AI+Medical+AG+IA+m%C3%A9dicale%2C+computer+vision%2C+imagerie+c%C3%A9r%C3%A9brale%2C+deep+learning&aroundQuery=France,"IA médicale, computer vision, imagerie cérébrale, deep learning",verified_or_user_provided,Ajout explicite demandé / liste innovation médicale.,2026-05-29
yes,SOPHiA GENETICS,entreprise,France OR Suisse OR Switzerland,https://careers.sophiagenetics.com/,,,,,,,,,,https://www.linkedin.com/jobs/search/?keywords=SOPHiA+GENETICS+IA+g%C3%A9nomique%2C+diagnostic%2C+data+science%2C+software%2C+bioinformatique&location=France%20Suisse,https://www.hellowork.com/fr-fr/emploi/recherche.html?k=SOPHiA+GENETICS+IA+g%C3%A9nomique%2C+diagnostic%2C+data+science%2C+software%2C+bioinformatique&l=France,https://fr.indeed.com/jobs?q=SOPHiA+GENETICS+IA+g%C3%A9nomique%2C+diagnostic%2C+data+science%2C+software%2C+bioinformatique&l=France%20Suisse,https://www.welcometothejungle.com/fr/jobs?query=SOPHiA+GENETICS+IA+g%C3%A9nomique%2C+diagnostic%2C+data+science%2C+software%2C+bioinformatique&aroundQuery=France,"IA génomique, diagnostic, data science, software, bioinformatique",verified_or_user_provided,Ajout explicite demandé / liste innovation médicale.,2026-05-29
yes,Medacta International,entreprise,Suisse OR Switzerland,https://www.medacta.com/EN/careers,,,,,,,,,,https://www.linkedin.com/jobs/search/?keywords=Medacta+International+orthop%C3%A9die%2C+robotique%2C+R%26D+software+C%2B%2B%2C+medical+device&location=France%20Suisse,https://www.hellowork.com/fr-fr/emploi/recherche.html?k=Medacta+International+orthop%C3%A9die%2C+robotique%2C+R%26D+software+C%2B%2B%2C+medical+device&l=France,https://fr.indeed.com/jobs?q=Medacta+International+orthop%C3%A9die%2C+robotique%2C+R%26D+software+C%2B%2B%2C+medical+device&l=France%20Suisse,https://www.welcometothejungle.com/fr/jobs?query=Medacta+International+orthop%C3%A9die%2C+robotique%2C+R%26D+software+C%2B%2B%2C+medical+device&aroundQuery=France,"orthopédie, robotique, R&D software C++, medical device, source entreprises.csv, Dispositifs médicaux, ville NANTERRE, ingénieur R&D, dispositif médical, innovation médicale, ville VILLENEUVE LA GARENNE",verified_or_user_provided,Ajout explicite demandé / liste innovation médicale. + aussi présent dans entreprises.csv + aussi présent dans entreprises.csv,2026-05-29
yes,CSEM,labo,Suisse OR Switzerland,https://www.csem.ch/en/jobs/,,,,,,,,,,https://www.linkedin.com/jobs/search/?keywords=CSEM+R%26D%2C+biosensing%2C+instrumentation%2C+AI%2C+medical+devices&location=France%20Suisse,https://www.hellowork.com/fr-fr/emploi/recherche.html?k=CSEM+R%26D%2C+biosensing%2C+instrumentation%2C+AI%2C+medical+devices&l=France,https://fr.indeed.com/jobs?q=CSEM+R%26D%2C+biosensing%2C+instrumentation%2C+AI%2C+medical+devices&l=France%20Suisse,https://www.welcometothejungle.com/fr/jobs?query=CSEM+R%26D%2C+biosensing%2C+instrumentation%2C+AI%2C+medical+devices&aroundQuery=France,"R&D, biosensing, instrumentation, AI, medical devices",verified_or_user_provided,Ajout explicite demandé / liste innovation médicale.,2026-05-29
yes,Roche Diagnostics,entreprise,Suisse OR Switzerland,https://careers.roche.com/global/en/switzerland,,,,,,,,,,https://www.linkedin.com/jobs/search/?keywords=Roche+Diagnostics+diagnostic%2C+IA%2C+data%2C+software%2C+medical+devices&location=France%20Suisse,https://www.hellowork.com/fr-fr/emploi/recherche.html?k=Roche+Diagnostics+diagnostic%2C+IA%2C+data%2C+software%2C+medical+devices&l=France,https://fr.indeed.com/jobs?q=Roche+Diagnostics+diagnostic%2C+IA%2C+data%2C+software%2C+medical+devices&l=France%20Suisse,https://www.welcometothejungle.com/fr/jobs?query=Roche+Diagnostics+diagnostic%2C+IA%2C+data%2C+software%2C+medical+devices&aroundQuery=France,"diagnostic, IA, data, software, medical devices",verified_or_user_provided,Ajout explicite demandé / liste innovation médicale.,2026-05-29
yes,Ypsomed,entreprise,Suisse OR Switzerland,https://www.ypsomed.com/en/careers/jobs-at-ypsomed,,,,,,,,,,https://www.linkedin.com/jobs/search/?keywords=Ypsomed+medical+device%2C+systems+engineer%2C+product+engineer%2C+quality&location=France%20Suisse,https://www.hellowork.com/fr-fr/emploi/recherche.html?k=Ypsomed+medical+device%2C+systems+engineer%2C+product+engineer%2C+quality&l=France,https://fr.indeed.com/jobs?q=Ypsomed+medical+device%2C+systems+engineer%2C+product+engineer%2C+quality&l=France%20Suisse,https://www.welcometothejungle.com/fr/jobs?query=Ypsomed+medical+device%2C+systems+engineer%2C+product+engineer%2C+quality&aroundQuery=France,"medical device, systems engineer, product engineer, quality, source entreprises.csv, Dispositifs médicaux, ville PARIS 9, ingénieur R&D, dispositif médical, innovation médicale, ville PARIS, ville Paris",verified_or_user_provided,Ajout explicite demandé / liste innovation médicale. + aussi présent dans entreprises.csv + aussi présent dans entreprises.csv + aussi présent dans entreprises.csv,2026-05-29
yes,Straumann Group,entreprise,Suisse OR Switzerland,https://careers.straumann.com/,,,,,,,,,,https://www.linkedin.com/jobs/search/?keywords=Straumann+Group+dispositifs+m%C3%A9dicaux+dentaires%2C+CAD%2FCAM%2C+R%26D%2C+product+engineer&location=France%20Suisse,https://www.hellowork.com/fr-fr/emploi/recherche.html?k=Straumann+Group+dispositifs+m%C3%A9dicaux+dentaires%2C+CAD%2FCAM%2C+R%26D%2C+product+engineer&l=France,https://fr.indeed.com/jobs?q=Straumann+Group+dispositifs+m%C3%A9dicaux+dentaires%2C+CAD%2FCAM%2C+R%26D%2C+product+engineer&l=France%20Suisse,https://www.welcometothejungle.com/fr/jobs?query=Straumann+Group+dispositifs+m%C3%A9dicaux+dentaires%2C+CAD%2FCAM%2C+R%26D%2C+product+engineer&aroundQuery=France,"dispositifs médicaux dentaires, CAD/CAM, R&D, product engineer, source entreprises.csv, Dispositifs médicaux, ville MARNE LA VALLEE CEDEX 4, ingénieur R&D, dispositif médical, innovation médicale",verified_or_user_provided,Ajout explicite demandé / liste innovation médicale. + aussi présent dans entreprises.csv,2026-05-29
yes,MindMaze Therapeutics,entreprise,Suisse OR Switzerland,https://mindmazetherapeutics.com/,,,,,,,,,,https://www.linkedin.com/jobs/search/?keywords=MindMaze+Therapeutics+neurotech%2C+digital+therapeutics%2C+software%2C+data&location=France%20Suisse,https://www.hellowork.com/fr-fr/emploi/recherche.html?k=MindMaze+Therapeutics+neurotech%2C+digital+therapeutics%2C+software%2C+data&l=France,https://fr.indeed.com/jobs?q=MindMaze+Therapeutics+neurotech%2C+digital+therapeutics%2C+software%2C+data&l=France%20Suisse,https://www.welcometothejungle.com/fr/jobs?query=MindMaze+Therapeutics+neurotech%2C+digital+therapeutics%2C+software%2C+data&aroundQuery=France,"neurotech, digital therapeutics, software, data",verified_or_user_provided,Ajout explicite demandé / liste innovation médicale.,2026-05-29
yes,Spineart,entreprise,Suisse OR Switzerland,https://www.spineart.com/en/careers/,,,,,,,,,,https://www.linkedin.com/jobs/search/?keywords=Spineart+orthop%C3%A9die%2C+spine%2C+validation%2C+R%26D+medical+device&location=France%20Suisse,https://www.hellowork.com/fr-fr/emploi/recherche.html?k=Spineart+orthop%C3%A9die%2C+spine%2C+validation%2C+R%26D+medical+device&l=France,https://fr.indeed.com/jobs?q=Spineart+orthop%C3%A9die%2C+spine%2C+validation%2C+R%26D+medical+device&l=France%20Suisse,https://www.welcometothejungle.com/fr/jobs?query=Spineart+orthop%C3%A9die%2C+spine%2C+validation%2C+R%26D+medical+device&aroundQuery=France,"orthopédie, spine, validation, R&D medical device",verified_or_user_provided,Ajout explicite demandé / liste innovation médicale.,2026-05-29
yes,Balgrist University Hospital,labo,Suisse OR Switzerland,https://www.balgrist.ch/en/jobs-karriere/,,,,,,,,,,https://www.linkedin.com/jobs/search/?keywords=Balgrist+University+Hospital+h%C3%B4pital+universitaire%2C+imagerie%2C+SaMD%2C+research+engineer&location=France%20Suisse,https://www.hellowork.com/fr-fr/emploi/recherche.html?k=Balgrist+University+Hospital+h%C3%B4pital+universitaire%2C+imagerie%2C+SaMD%2C+research+engineer&l=France,https://fr.indeed.com/jobs?q=Balgrist+University+Hospital+h%C3%B4pital+universitaire%2C+imagerie%2C+SaMD%2C+research+engineer&l=France%20Suisse,https://www.welcometothejungle.com/fr/jobs?query=Balgrist+University+Hospital+h%C3%B4pital+universitaire%2C+imagerie%2C+SaMD%2C+research+engineer&aroundQuery=France,"hôpital universitaire, imagerie, SaMD, research engineer",verified_or_user_provided,Ajout explicite demandé / liste innovation médicale.,2026-05-29
yes,ETH Zurich,labo,Suisse OR Switzerland,https://jobs.ethz.ch/,,,,,,,,,,https://www.linkedin.com/jobs/search/?keywords=ETH+Zurich+IA+m%C3%A9dicale%2C+imagerie+m%C3%A9dicale%2C+PhD%2C+research+engineer&location=France%20Suisse,https://www.hellowork.com/fr-fr/emploi/recherche.html?k=ETH+Zurich+IA+m%C3%A9dicale%2C+imagerie+m%C3%A9dicale%2C+PhD%2C+research+engineer&l=France,https://fr.indeed.com/jobs?q=ETH+Zurich+IA+m%C3%A9dicale%2C+imagerie+m%C3%A9dicale%2C+PhD%2C+research+engineer&l=France%20Suisse,https://www.welcometothejungle.com/fr/jobs?query=ETH+Zurich+IA+m%C3%A9dicale%2C+imagerie+m%C3%A9dicale%2C+PhD%2C+research+engineer&aroundQuery=France,"IA médicale, imagerie médicale, PhD, research engineer",verified_or_user_provided,Ajout explicite demandé / liste innovation médicale.,2026-05-29
yes,University of Zurich,labo,Suisse OR Switzerland,https://www.uzh.ch/cmsssl/en/about/work.html,,,,,,,,,,https://www.linkedin.com/jobs/search/?keywords=University+of+Zurich+recherche+clinique%2C+imagerie%2C+data+science&location=France%20Suisse,https://www.hellowork.com/fr-fr/emploi/recherche.html?k=University+of+Zurich+recherche+clinique%2C+imagerie%2C+data+science&l=France,https://fr.indeed.com/jobs?q=University+of+Zurich+recherche+clinique%2C+imagerie%2C+data+science&l=France%20Suisse,https://www.welcometothejungle.com/fr/jobs?query=University+of+Zurich+recherche+clinique%2C+imagerie%2C+data+science&aroundQuery=France,"recherche clinique, imagerie, data science",verified_or_user_provided,Ajout explicite demandé / liste innovation médicale.,2026-05-29
yes,University of Bern / Inselspital,labo,Suisse OR Switzerland,https://www.unibe.ch/university/jobs/index_eng.html,,,,,,,,,,https://www.linkedin.com/jobs/search/?keywords=University+of+Bern+%2F+Inselspital+IA+m%C3%A9dicale%2C+h%C3%B4pital+universitaire%2C+imagerie&location=France%20Suisse,https://www.hellowork.com/fr-fr/emploi/recherche.html?k=University+of+Bern+%2F+Inselspital+IA+m%C3%A9dicale%2C+h%C3%B4pital+universitaire%2C+imagerie&l=France,https://fr.indeed.com/jobs?q=University+of+Bern+%2F+Inselspital+IA+m%C3%A9dicale%2C+h%C3%B4pital+universitaire%2C+imagerie&l=France%20Suisse,https://www.welcometothejungle.com/fr/jobs?query=University+of+Bern+%2F+Inselspital+IA+m%C3%A9dicale%2C+h%C3%B4pital+universitaire%2C+imagerie&aroundQuery=France,"IA médicale, hôpital universitaire, imagerie",verified_or_user_provided,Ajout explicite demandé / liste innovation médicale.,2026-05-29
yes,IRCAD,labo,France,https://www.ircad.fr/careers/,,,,,,,,,,https://www.linkedin.com/jobs/search/?keywords=IRCAD+chirurgie+augment%C3%A9e%2C+robotique%2C+simulation%2C+imagerie&location=France%20Suisse,https://www.hellowork.com/fr-fr/emploi/recherche.html?k=IRCAD+chirurgie+augment%C3%A9e%2C+robotique%2C+simulation%2C+imagerie&l=France,https://fr.indeed.com/jobs?q=IRCAD+chirurgie+augment%C3%A9e%2C+robotique%2C+simulation%2C+imagerie&l=France%20Suisse,https://www.welcometothejungle.com/fr/jobs?query=IRCAD+chirurgie+augment%C3%A9e%2C+robotique%2C+simulation%2C+imagerie&aroundQuery=France,"chirurgie augmentée, robotique, simulation, imagerie",verified_or_user_provided,Ajout explicite demandé / liste innovation médicale.,2026-05-29
yes,IHU Strasbourg,labo,France,https://www.ihu-strasbourg.eu/jobs/,,,,,,,,,,https://www.linkedin.com/jobs/search/?keywords=IHU+Strasbourg+chirurgie+mini-invasive%2C+robotique%2C+imagerie%2C+innovation+m%C3%A9dicale&location=France%20Suisse,https://www.hellowork.com/fr-fr/emploi/recherche.html?k=IHU+Strasbourg+chirurgie+mini-invasive%2C+robotique%2C+imagerie%2C+innovation+m%C3%A9dicale&l=France,https://fr.indeed.com/jobs?q=IHU+Strasbourg+chirurgie+mini-invasive%2C+robotique%2C+imagerie%2C+innovation+m%C3%A9dicale&l=France%20Suisse,https://www.welcometothejungle.com/fr/jobs?query=IHU+Strasbourg+chirurgie+mini-invasive%2C+robotique%2C+imagerie%2C+innovation+m%C3%A9dicale&aroundQuery=France,"chirurgie mini-invasive, robotique, imagerie, innovation médicale",verified_or_user_provided,Ajout explicite demandé / liste innovation médicale.,2026-05-29
yes,Institut Imagine,labo,France,https://www.institutimagine.org/fr/recrutement,,,,,,,,,,https://www.linkedin.com/jobs/search/?keywords=Institut+Imagine+recherche+biom%C3%A9dicale%2C+data%2C+bioinformatique%2C+IA+sant%C3%A9&location=France%20Suisse,https://www.hellowork.com/fr-fr/emploi/recherche.html?k=Institut+Imagine+recherche+biom%C3%A9dicale%2C+data%2C+bioinformatique%2C+IA+sant%C3%A9&l=France,https://fr.indeed.com/jobs?q=Institut+Imagine+recherche+biom%C3%A9dicale%2C+data%2C+bioinformatique%2C+IA+sant%C3%A9&l=France%20Suisse,https://www.welcometothejungle.com/fr/jobs?query=Institut+Imagine+recherche+biom%C3%A9dicale%2C+data%2C+bioinformatique%2C+IA+sant%C3%A9&aroundQuery=France,"recherche biomédicale, data, bioinformatique, IA santé",verified_or_user_provided,Ajout explicite demandé / liste innovation médicale.,2026-05-29
yes,Gustave Roussy,labo,France,https://www.gustaveroussy.fr/fr/recrutement,,,,,,,,,,https://www.linkedin.com/jobs/search/?keywords=Gustave+Roussy+oncologie%2C+imagerie%2C+IA+clinique%2C+recherche&location=France%20Suisse,https://www.hellowork.com/fr-fr/emploi/recherche.html?k=Gustave+Roussy+oncologie%2C+imagerie%2C+IA+clinique%2C+recherche&l=France,https://fr.indeed.com/jobs?q=Gustave+Roussy+oncologie%2C+imagerie%2C+IA+clinique%2C+recherche&l=France%20Suisse,https://www.welcometothejungle.com/fr/jobs?query=Gustave+Roussy+oncologie%2C+imagerie%2C+IA+clinique%2C+recherche&aroundQuery=France,"oncologie, imagerie, IA clinique, recherche",verified_or_user_provided,Ajout explicite demandé / liste innovation médicale.,2026-05-29
yes,AP-HP,labo,France,https://recrutement.aphp.fr/jobs,,,,,,,,,,https://www.linkedin.com/jobs/search/?keywords=AP-HP+h%C3%B4pital%2C+ing%C3%A9nieur+recherche%2C+imagerie+m%C3%A9dicale%2C+bioinformatique&location=France%20Suisse,https://www.hellowork.com/fr-fr/emploi/recherche.html?k=AP-HP+h%C3%B4pital%2C+ing%C3%A9nieur+recherche%2C+imagerie+m%C3%A9dicale%2C+bioinformatique&l=France,https://fr.indeed.com/jobs?q=AP-HP+h%C3%B4pital%2C+ing%C3%A9nieur+recherche%2C+imagerie+m%C3%A9dicale%2C+bioinformatique&l=France%20Suisse,https://www.welcometothejungle.com/fr/jobs?query=AP-HP+h%C3%B4pital%2C+ing%C3%A9nieur+recherche%2C+imagerie+m%C3%A9dicale%2C+bioinformatique&aroundQuery=France,"hôpital, ingénieur recherche, imagerie médicale, bioinformatique",verified_or_user_provided,Ajout explicite demandé / liste innovation médicale.,2026-05-29
yes,Health Data Hub,labo,France,https://www.health-data-hub.fr/nous-rejoindre,,,,,,,,,,https://www.linkedin.com/jobs/search/?keywords=Health+Data+Hub+donn%C3%A9es+sant%C3%A9%2C+IA+clinique%2C+ing%C3%A9nieur+data+sant%C3%A9&location=France%20Suisse,https://www.hellowork.com/fr-fr/emploi/recherche.html?k=Health+Data+Hub+donn%C3%A9es+sant%C3%A9%2C+IA+clinique%2C+ing%C3%A9nieur+data+sant%C3%A9&l=France,https://fr.indeed.com/jobs?q=Health+Data+Hub+donn%C3%A9es+sant%C3%A9%2C+IA+clinique%2C+ing%C3%A9nieur+data+sant%C3%A9&l=France%20Suisse,https://www.welcometothejungle.com/fr/jobs?query=Health+Data+Hub+donn%C3%A9es+sant%C3%A9%2C+IA+clinique%2C+ing%C3%A9nieur+data+sant%C3%A9&aroundQuery=France,"données santé, IA clinique, ingénieur data santé",verified_or_user_provided,Ajout explicite demandé / liste innovation médicale.,2026-05-29
yes,Télécom Paris,labo,France,https://www.telecom-paris.fr/fr/ecole/recrutement/offres-d-emploi,,,,,,,,,,https://www.linkedin.com/jobs/search/?keywords=T%C3%A9l%C3%A9com+Paris+computer+vision%2C+IA+sant%C3%A9%2C+recherche%2C+ing%C3%A9nieur+de+recherche&location=France%20Suisse,https://www.hellowork.com/fr-fr/emploi/recherche.html?k=T%C3%A9l%C3%A9com+Paris+computer+vision%2C+IA+sant%C3%A9%2C+recherche%2C+ing%C3%A9nieur+de+recherche&l=France,https://fr.indeed.com/jobs?q=T%C3%A9l%C3%A9com+Paris+computer+vision%2C+IA+sant%C3%A9%2C+recherche%2C+ing%C3%A9nieur+de+recherche&l=France%20Suisse,https://www.welcometothejungle.com/fr/jobs?query=T%C3%A9l%C3%A9com+Paris+computer+vision%2C+IA+sant%C3%A9%2C+recherche%2C+ing%C3%A9nieur+de+recherche&aroundQuery=France,"computer vision, IA santé, recherche, ingénieur de recherche",verified_or_user_provided,Ajout explicite demandé / liste innovation médicale.,2026-05-29
yes,Institut Polytechnique de Paris,labo,France,https://www.ip-paris.fr/emploi,,,,,,,,,,https://www.linkedin.com/jobs/search/?keywords=Institut+Polytechnique+de+Paris+IA%2C+recherche%2C+imagerie%2C+science+des+donn%C3%A9es&location=France%20Suisse,https://www.hellowork.com/fr-fr/emploi/recherche.html?k=Institut+Polytechnique+de+Paris+IA%2C+recherche%2C+imagerie%2C+science+des+donn%C3%A9es&l=France,https://fr.indeed.com/jobs?q=Institut+Polytechnique+de+Paris+IA%2C+recherche%2C+imagerie%2C+science+des+donn%C3%A9es&l=France%20Suisse,https://www.welcometothejungle.com/fr/jobs?query=Institut+Polytechnique+de+Paris+IA%2C+recherche%2C+imagerie%2C+science+des+donn%C3%A9es&aroundQuery=France,"IA, recherche, imagerie, science des données",verified_or_user_provided,Ajout explicite demandé / liste innovation médicale.,2026-05-29
yes,Novartis,entreprise,France OR Suisse OR Switzerland,https://www.novartis.com/careers/career-search,,,,,,,,,,https://www.linkedin.com/jobs/search/?keywords=Novartis+data+science%2C+pharma%2C+digital+health%2C+medical+AI&location=France%20Suisse,https://www.hellowork.com/fr-fr/emploi/recherche.html?k=Novartis+data+science%2C+pharma%2C+digital+health%2C+medical+AI&l=France,https://fr.indeed.com/jobs?q=Novartis+data+science%2C+pharma%2C+digital+health%2C+medical+AI&l=France%20Suisse,https://www.welcometothejungle.com/fr/jobs?query=Novartis+data+science%2C+pharma%2C+digital+health%2C+medical+AI&aroundQuery=France,"data science, pharma, digital health, medical AI",verified_or_user_provided,Ajout explicite demandé / liste innovation médicale.,2026-05-29
yes,Debiopharm,entreprise,Suisse OR Switzerland,https://www.debiopharm.com/careers/,,,,,,,,,,https://www.linkedin.com/jobs/search/?keywords=Debiopharm+oncologie%2C+data+science%2C+biom%C3%A9dical%2C+pharma&location=France%20Suisse,https://www.hellowork.com/fr-fr/emploi/recherche.html?k=Debiopharm+oncologie%2C+data+science%2C+biom%C3%A9dical%2C+pharma&l=France,https://fr.indeed.com/jobs?q=Debiopharm+oncologie%2C+data+science%2C+biom%C3%A9dical%2C+pharma&l=France%20Suisse,https://www.welcometothejungle.com/fr/jobs?query=Debiopharm+oncologie%2C+data+science%2C+biom%C3%A9dical%2C+pharma&aroundQuery=France,"oncologie, data science, biomédical, pharma",verified_or_user_provided,Ajout explicite demandé / liste innovation médicale.,2026-05-29
yes,Takeda,entreprise,France OR Suisse OR Switzerland,https://www.takedajobs.com/,,,,,,,,,,https://www.linkedin.com/jobs/search/?keywords=Takeda+pharma%2C+qualit%C3%A9%2C+manufacturing%2C+data+science&location=France%20Suisse,https://www.hellowork.com/fr-fr/emploi/recherche.html?k=Takeda+pharma%2C+qualit%C3%A9%2C+manufacturing%2C+data+science&l=France,https://fr.indeed.com/jobs?q=Takeda+pharma%2C+qualit%C3%A9%2C+manufacturing%2C+data+science&l=France%20Suisse,https://www.welcometothejungle.com/fr/jobs?query=Takeda+pharma%2C+qualit%C3%A9%2C+manufacturing%2C+data+science&aroundQuery=France,"pharma, qualité, manufacturing, data science",verified_or_user_provided,Ajout explicite demandé / liste innovation médicale.,2026-05-29
yes,Amaris Consulting,entreprise,France OR Suisse OR Switzerland,https://careers.amaris.com/,,,,,,,,,,https://www.linkedin.com/jobs/search/?keywords=Amaris+Consulting+consulting%2C+segmentation+m%C3%A9dicale%2C+PyTorch%2C+MONAI%2C+imagerie&location=France%20Suisse,https://www.hellowork.com/fr-fr/emploi/recherche.html?k=Amaris+Consulting+consulting%2C+segmentation+m%C3%A9dicale%2C+PyTorch%2C+MONAI%2C+imagerie&l=France,https://fr.indeed.com/jobs?q=Amaris+Consulting+consulting%2C+segmentation+m%C3%A9dicale%2C+PyTorch%2C+MONAI%2C+imagerie&l=France%20Suisse,https://www.welcometothejungle.com/fr/jobs?query=Amaris+Consulting+consulting%2C+segmentation+m%C3%A9dicale%2C+PyTorch%2C+MONAI%2C+imagerie&aroundQuery=France,"consulting, segmentation médicale, PyTorch, MONAI, imagerie",verified_or_user_provided,Ajout explicite demandé / liste innovation médicale.,2026-05-29
yes,Cytiva,entreprise,France OR Suisse OR Switzerland,https://jobs.danaher.com/global/en/cytiva,,,,,,,,,,https://www.linkedin.com/jobs/search/?keywords=Cytiva+life+sciences%2C+instrumentation%2C+data%2C+R%26D&location=France%20Suisse,https://www.hellowork.com/fr-fr/emploi/recherche.html?k=Cytiva+life+sciences%2C+instrumentation%2C+data%2C+R%26D&l=France,https://fr.indeed.com/jobs?q=Cytiva+life+sciences%2C+instrumentation%2C+data%2C+R%26D&l=France%20Suisse,https://www.welcometothejungle.com/fr/jobs?query=Cytiva+life+sciences%2C+instrumentation%2C+data%2C+R%26D&aroundQuery=France,"life sciences, instrumentation, data, R&D",verified_or_user_provided,Ajout explicite demandé / liste innovation médicale.,2026-05-29
yes,HES-SO,labo,Suisse OR Switzerland,https://www.hes-so.ch/la-hes-so/offres-demploi,,,,,,,,,,https://www.linkedin.com/jobs/search/?keywords=HES-SO+recherche+appliqu%C3%A9e%2C+sant%C3%A9%2C+ing%C3%A9nierie%2C+IA&location=France%20Suisse,https://www.hellowork.com/fr-fr/emploi/recherche.html?k=HES-SO+recherche+appliqu%C3%A9e%2C+sant%C3%A9%2C+ing%C3%A9nierie%2C+IA&l=France,https://fr.indeed.com/jobs?q=HES-SO+recherche+appliqu%C3%A9e%2C+sant%C3%A9%2C+ing%C3%A9nierie%2C+IA&l=France%20Suisse,https://www.welcometothejungle.com/fr/jobs?query=HES-SO+recherche+appliqu%C3%A9e%2C+sant%C3%A9%2C+ing%C3%A9nierie%2C+IA&aroundQuery=France,"recherche appliquée, santé, ingénierie, IA",verified_or_user_provided,Ajout explicite demandé / liste innovation médicale.,2026-05-29
yes,HE-Arc,labo,Suisse OR Switzerland,https://www.he-arc.ch/la-he-arc/travailler-a-la-he-arc/,,,,,,,,,,https://www.linkedin.com/jobs/search/?keywords=HE-Arc+recherche+appliqu%C3%A9e%2C+sant%C3%A9%2C+ing%C3%A9nierie&location=France%20Suisse,https://www.hellowork.com/fr-fr/emploi/recherche.html?k=HE-Arc+recherche+appliqu%C3%A9e%2C+sant%C3%A9%2C+ing%C3%A9nierie&l=France,https://fr.indeed.com/jobs?q=HE-Arc+recherche+appliqu%C3%A9e%2C+sant%C3%A9%2C+ing%C3%A9nierie&l=France%20Suisse,https://www.welcometothejungle.com/fr/jobs?query=HE-Arc+recherche+appliqu%C3%A9e%2C+sant%C3%A9%2C+ing%C3%A9nierie&aroundQuery=France,"recherche appliquée, santé, ingénierie",verified_or_user_provided,Ajout explicite demandé / liste innovation médicale.,2026-05-29
yes,HEIG-VD,labo,Suisse OR Switzerland,https://heig-vd.ch/en/about/careers,,,,,,,,,,https://www.linkedin.com/jobs/search/?keywords=HEIG-VD+ing%C3%A9nierie%2C+sant%C3%A9%2C+applied+research%2C+AI&location=France%20Suisse,https://www.hellowork.com/fr-fr/emploi/recherche.html?k=HEIG-VD+ing%C3%A9nierie%2C+sant%C3%A9%2C+applied+research%2C+AI&l=France,https://fr.indeed.com/jobs?q=HEIG-VD+ing%C3%A9nierie%2C+sant%C3%A9%2C+applied+research%2C+AI&l=France%20Suisse,https://www.welcometothejungle.com/fr/jobs?query=HEIG-VD+ing%C3%A9nierie%2C+sant%C3%A9%2C+applied+research%2C+AI&aroundQuery=France,"ingénierie, santé, applied research, AI",verified_or_user_provided,Ajout explicite demandé / liste innovation médicale.,2026-05-29
yes,NeuroPSI,labo,France,https://neuropsi.cnrs.fr/emploi/#ingenieur-recherche,https://emploi.cnrs.fr/Unites/UMR9197/Offres.aspx,,,,,,,,,https://www.linkedin.com/jobs/search/?keywords=NeuroPSI+neurosciences%2C+imagerie%2C+ing%C3%A9nieur+recherche%2C+instrumentation+biologique&location=France%20Suisse,https://www.hellowork.com/fr-fr/emploi/recherche.html?k=NeuroPSI+neurosciences%2C+imagerie%2C+ing%C3%A9nieur+recherche%2C+instrumentation+biologique&l=France,https://fr.indeed.com/jobs?q=NeuroPSI+neurosciences%2C+imagerie%2C+ing%C3%A9nieur+recherche%2C+instrumentation+biologique&l=France%20Suisse,https://www.welcometothejungle.com/fr/jobs?query=NeuroPSI+neurosciences%2C+imagerie%2C+ing%C3%A9nieur+recherche%2C+instrumentation+biologique&aroundQuery=France,"neurosciences, imagerie, ingénieur recherche, instrumentation biologique",verified_or_user_provided,Ajout explicite demandé / liste innovation médicale.,2026-05-29
yes,Dassault Systèmes,entreprise,France,https://www.3ds.com/careers/jobs,,,,,,,,,,https://www.linkedin.com/jobs/search/?keywords=Dassault+Syst%C3%A8mes+simulation%2C+jumeau+num%C3%A9rique%2C+life+sciences+healthcare%2C+logiciel+scientifique&location=France%20Suisse,https://www.hellowork.com/fr-fr/emploi/recherche.html?k=Dassault+Syst%C3%A8mes+simulation%2C+jumeau+num%C3%A9rique%2C+life+sciences+healthcare%2C+logiciel+scientifique&l=France,https://fr.indeed.com/jobs?q=Dassault+Syst%C3%A8mes+simulation%2C+jumeau+num%C3%A9rique%2C+life+sciences+healthcare%2C+logiciel+scientifique&l=France%20Suisse,https://www.welcometothejungle.com/fr/jobs?query=Dassault+Syst%C3%A8mes+simulation%2C+jumeau+num%C3%A9rique%2C+life+sciences+healthcare%2C+logiciel+scientifique&aroundQuery=France,"simulation, jumeau numérique, life sciences healthcare, logiciel scientifique",verified_or_user_provided,Ajout explicite demandé / liste innovation médicale.,2026-05-29
yes,PSL,labo,France,https://recrutement.psl.eu/nos-offres,,,,,,,,,,https://www.linkedin.com/jobs/search/?keywords=PSL+recherche%2C+ing%C3%A9nieur%2C+imagerie%2C+neurosciences%2C+IA&location=France%20Suisse,https://www.hellowork.com/fr-fr/emploi/recherche.html?k=PSL+recherche%2C+ing%C3%A9nieur%2C+imagerie%2C+neurosciences%2C+IA&l=France,https://fr.indeed.com/jobs?q=PSL+recherche%2C+ing%C3%A9nieur%2C+imagerie%2C+neurosciences%2C+IA&l=France%20Suisse,https://www.welcometothejungle.com/fr/jobs?query=PSL+recherche%2C+ing%C3%A9nieur%2C+imagerie%2C+neurosciences%2C+IA&aroundQuery=France,"recherche, ingénieur, imagerie, neurosciences, IA",verified_or_user_provided,Ajout explicite demandé / liste innovation médicale.,2026-05-29
yes,Cardiawave,entreprise,France,https://cardiawave.com/careers/,,,,,,,,,,https://www.linkedin.com/jobs/search/?keywords=Cardiawave+ultrasons+th%C3%A9rapeutiques%2C+robotique%2C+%C3%A9chographie%2C+embedded+software%2C+system+test&location=France%20Suisse,https://www.hellowork.com/fr-fr/emploi/recherche.html?k=Cardiawave+ultrasons+th%C3%A9rapeutiques%2C+robotique%2C+%C3%A9chographie%2C+embedded+software%2C+system+test&l=France,https://fr.indeed.com/jobs?q=Cardiawave+ultrasons+th%C3%A9rapeutiques%2C+robotique%2C+%C3%A9chographie%2C+embedded+software%2C+system+test&l=France%20Suisse,https://www.welcometothejungle.com/fr/jobs?query=Cardiawave+ultrasons+th%C3%A9rapeutiques%2C+robotique%2C+%C3%A9chographie%2C+embedded+software%2C+system+test&aroundQuery=France,"ultrasons thérapeutiques, robotique, échographie, embedded software, system test, source entreprises.csv, Dispositifs médicaux, ville LEVALLOIS-PERRET, ingénieur R&D, dispositif médical, innovation médicale, ville Paris",verified_or_user_provided,Ajout explicite demandé / liste innovation médicale. + aussi présent dans entreprises.csv + aussi présent dans entreprises.csv,2026-05-29
yes,LIVANOVA FRANCE SAS,entreprise,France,,,,,,,,,,,https://www.linkedin.com/jobs/search/?keywords=LIVANOVA+FRANCE+SAS+source+entreprises.csv%3B+Dispositifs+m%C3%A9dicaux%3B+ville+Clamart%3B+ing%C3%A9nieur+R%26D%2C+dispositif+m%C3%A9dical%2C+innovation+m%C3%A9dicale&location=France%20Suisse,https://www.hellowork.com/fr-fr/emploi/recherche.html?k=LIVANOVA+FRANCE+SAS+source+entreprises.csv%3B+Dispositifs+m%C3%A9dicaux%3B+ville+Clamart%3B+ing%C3%A9nieur+R%26D%2C+dispositif+m%C3%A9dical%2C+innovation+m%C3%A9dicale&l=France,https://fr.indeed.com/jobs?q=LIVANOVA+FRANCE+SAS+source+entreprises.csv%3B+Dispositifs+m%C3%A9dicaux%3B+ville+Clamart%3B+ing%C3%A9nieur+R%26D%2C+dispositif+m%C3%A9dical%2C+innovation+m%C3%A9dicale&l=France%20Suisse,https://www.welcometothejungle.com/fr/jobs?query=LIVANOVA+FRANCE+SAS+source+entreprises.csv%3B+Dispositifs+m%C3%A9dicaux%3B+ville+Clamart%3B+ing%C3%A9nieur+R%26D%2C+dispositif+m%C3%A9dical%2C+innovation+m%C3%A9dicale&aroundQuery=France,"source entreprises.csv, Dispositifs médicaux, ville Clamart, ingénieur R&D, dispositif médical, innovation médicale, ville ISSY-LES-MOULINEAUX, ville Paris",from_uploaded_csv,"Entreprise issue du fichier entreprises.csv, ajoutée avec recherches job boards faute de page carrière officielle vérifiée.",2026-05-29
yes,SORIN CRM SAS,entreprise,France,,,,,,,,,,,https://www.linkedin.com/jobs/search/?keywords=SORIN+CRM+SAS+source+entreprises.csv%3B+Dispositifs+m%C3%A9dicaux%3B+ville+Clamart%3B+ing%C3%A9nieur+R%26D%2C+dispositif+m%C3%A9dical%2C+innovation+m%C3%A9dicale&location=France%20Suisse,https://www.hellowork.com/fr-fr/emploi/recherche.html?k=SORIN+CRM+SAS+source+entreprises.csv%3B+Dispositifs+m%C3%A9dicaux%3B+ville+Clamart%3B+ing%C3%A9nieur+R%26D%2C+dispositif+m%C3%A9dical%2C+innovation+m%C3%A9dicale&l=France,https://fr.indeed.com/jobs?q=SORIN+CRM+SAS+source+entreprises.csv%3B+Dispositifs+m%C3%A9dicaux%3B+ville+Clamart%3B+ing%C3%A9nieur+R%26D%2C+dispositif+m%C3%A9dical%2C+innovation+m%C3%A9dicale&l=France%20Suisse,https://www.welcometothejungle.com/fr/jobs?query=SORIN+CRM+SAS+source+entreprises.csv%3B+Dispositifs+m%C3%A9dicaux%3B+ville+Clamart%3B+ing%C3%A9nieur+R%26D%2C+dispositif+m%C3%A9dical%2C+innovation+m%C3%A9dicale&aroundQuery=France,"source entreprises.csv; Dispositifs médicaux; ville Clamart; ingénieur R&D, dispositif médical, innovation médicale",from_uploaded_csv,"Entreprise issue du fichier entreprises.csv, ajoutée avec recherches job boards faute de page carrière officielle vérifiée.",2026-05-29
yes,CANON MEDICAL SYSTEMS FRANCE,entreprise,France,,,,,,,,,,,https://www.linkedin.com/jobs/search/?keywords=CANON+MEDICAL+SYSTEMS+FRANCE+source+entreprises.csv%3B+Dispositifs+m%C3%A9dicaux%3B+ville+Suresnes%3B+ing%C3%A9nieur+R%26D%2C+dispositif+m%C3%A9dical%2C+innovation+m%C3%A9dicale&location=France%20Suisse,https://www.hellowork.com/fr-fr/emploi/recherche.html?k=CANON+MEDICAL+SYSTEMS+FRANCE+source+entreprises.csv%3B+Dispositifs+m%C3%A9dicaux%3B+ville+Suresnes%3B+ing%C3%A9nieur+R%26D%2C+dispositif+m%C3%A9dical%2C+innovation+m%C3%A9dicale&l=France,https://fr.indeed.com/jobs?q=CANON+MEDICAL+SYSTEMS+FRANCE+source+entreprises.csv%3B+Dispositifs+m%C3%A9dicaux%3B+ville+Suresnes%3B+ing%C3%A9nieur+R%26D%2C+dispositif+m%C3%A9dical%2C+innovation+m%C3%A9dicale&l=France%20Suisse,https://www.welcometothejungle.com/fr/jobs?query=CANON+MEDICAL+SYSTEMS+FRANCE+source+entreprises.csv%3B+Dispositifs+m%C3%A9dicaux%3B+ville+Suresnes%3B+ing%C3%A9nieur+R%26D%2C+dispositif+m%C3%A9dical%2C+innovation+m%C3%A9dicale&aroundQuery=France,"source entreprises.csv; Dispositifs médicaux; ville Suresnes; ingénieur R&D, dispositif médical, innovation médicale",from_uploaded_csv,"Entreprise issue du fichier entreprises.csv, ajoutée avec recherches job boards faute de page carrière officielle vérifiée.",2026-05-29
yes,DRÄGER FRANCE SAS,entreprise,France,,,,,,,,,,,https://www.linkedin.com/jobs/search/?keywords=DR%C3%84GER+FRANCE+SAS+source+entreprises.csv%3B+Dispositifs+m%C3%A9dicaux%3B+ville+ANTONY+Cedex%3B+ing%C3%A9nieur+R%26D%2C+dispositif+m%C3%A9dical%2C+innovation+m%C3%A9dicale&location=France%20Suisse,https://www.hellowork.com/fr-fr/emploi/recherche.html?k=DR%C3%84GER+FRANCE+SAS+source+entreprises.csv%3B+Dispositifs+m%C3%A9dicaux%3B+ville+ANTONY+Cedex%3B+ing%C3%A9nieur+R%26D%2C+dispositif+m%C3%A9dical%2C+innovation+m%C3%A9dicale&l=France,https://fr.indeed.com/jobs?q=DR%C3%84GER+FRANCE+SAS+source+entreprises.csv%3B+Dispositifs+m%C3%A9dicaux%3B+ville+ANTONY+Cedex%3B+ing%C3%A9nieur+R%26D%2C+dispositif+m%C3%A9dical%2C+innovation+m%C3%A9dicale&l=France%20Suisse,https://www.welcometothejungle.com/fr/jobs?query=DR%C3%84GER+FRANCE+SAS+source+entreprises.csv%3B+Dispositifs+m%C3%A9dicaux%3B+ville+ANTONY+Cedex%3B+ing%C3%A9nieur+R%26D%2C+dispositif+m%C3%A9dical%2C+innovation+m%C3%A9dicale&aroundQuery=France,"source entreprises.csv, Dispositifs médicaux, ville ANTONY Cedex, ingénieur R&D, dispositif médical, innovation médicale, ville ANTONY",from_uploaded_csv,"Entreprise issue du fichier entreprises.csv, ajoutée avec recherches job boards faute de page carrière officielle vérifiée.",2026-05-29
yes,DBV TECHNOLOGIES,entreprise,France,,,,,,,,,,,https://www.linkedin.com/jobs/search/?keywords=DBV+TECHNOLOGIES+source+entreprises.csv%3B+Dispositifs+m%C3%A9dicaux%3B+ville+Montrouge%3B+ing%C3%A9nieur+R%26D%2C+dispositif+m%C3%A9dical%2C+innovation+m%C3%A9dicale&location=France%20Suisse,https://www.hellowork.com/fr-fr/emploi/recherche.html?k=DBV+TECHNOLOGIES+source+entreprises.csv%3B+Dispositifs+m%C3%A9dicaux%3B+ville+Montrouge%3B+ing%C3%A9nieur+R%26D%2C+dispositif+m%C3%A9dical%2C+innovation+m%C3%A9dicale&l=France,https://fr.indeed.com/jobs?q=DBV+TECHNOLOGIES+source+entreprises.csv%3B+Dispositifs+m%C3%A9dicaux%3B+ville+Montrouge%3B+ing%C3%A9nieur+R%26D%2C+dispositif+m%C3%A9dical%2C+innovation+m%C3%A9dicale&l=France%20Suisse,https://www.welcometothejungle.com/fr/jobs?query=DBV+TECHNOLOGIES+source+entreprises.csv%3B+Dispositifs+m%C3%A9dicaux%3B+ville+Montrouge%3B+ing%C3%A9nieur+R%26D%2C+dispositif+m%C3%A9dical%2C+innovation+m%C3%A9dicale&aroundQuery=France,"source entreprises.csv, Dispositifs médicaux, ville Montrouge, ingénieur R&D, dispositif médical, innovation médicale, ville MONTROUGE, ville CHATILLON",from_uploaded_csv,"Entreprise issue du fichier entreprises.csv, ajoutée avec recherches job boards faute de page carrière officielle vérifiée.",2026-05-29
yes,IMPLICITY,entreprise,France,,,,,,,,,,,https://www.linkedin.com/jobs/search/?keywords=IMPLICITY+source+entreprises.csv%3B+Dispositifs+m%C3%A9dicaux%3B+ville+Montrouge%3B+ing%C3%A9nieur+R%26D%2C+dispositif+m%C3%A9dical%2C+innovation+m%C3%A9dicale&location=France%20Suisse,https://www.hellowork.com/fr-fr/emploi/recherche.html?k=IMPLICITY+source+entreprises.csv%3B+Dispositifs+m%C3%A9dicaux%3B+ville+Montrouge%3B+ing%C3%A9nieur+R%26D%2C+dispositif+m%C3%A9dical%2C+innovation+m%C3%A9dicale&l=France,https://fr.indeed.com/jobs?q=IMPLICITY+source+entreprises.csv%3B+Dispositifs+m%C3%A9dicaux%3B+ville+Montrouge%3B+ing%C3%A9nieur+R%26D%2C+dispositif+m%C3%A9dical%2C+innovation+m%C3%A9dicale&l=France%20Suisse,https://www.welcometothejungle.com/fr/jobs?query=IMPLICITY+source+entreprises.csv%3B+Dispositifs+m%C3%A9dicaux%3B+ville+Montrouge%3B+ing%C3%A9nieur+R%26D%2C+dispositif+m%C3%A9dical%2C+innovation+m%C3%A9dicale&aroundQuery=France,"source entreprises.csv, Dispositifs médicaux, ville Montrouge, ingénieur R&D, dispositif médical, innovation médicale, ville PARIS 1, ville PARIS",from_uploaded_csv,"Entreprise issue du fichier entreprises.csv, ajoutée avec recherches job boards faute de page carrière officielle vérifiée.",2026-05-29
yes,MICROPORT CRM FRANCE SAS,entreprise,France,,,,,,,,,,,https://www.linkedin.com/jobs/search/?keywords=MICROPORT+CRM+FRANCE+SAS+source+entreprises.csv%3B+Dispositifs+m%C3%A9dicaux%3B+ville+Clamart%3B+ing%C3%A9nieur+R%26D%2C+dispositif+m%C3%A9dical%2C+innovation+m%C3%A9dicale&location=France%20Suisse,https://www.hellowork.com/fr-fr/emploi/recherche.html?k=MICROPORT+CRM+FRANCE+SAS+source+entreprises.csv%3B+Dispositifs+m%C3%A9dicaux%3B+ville+Clamart%3B+ing%C3%A9nieur+R%26D%2C+dispositif+m%C3%A9dical%2C+innovation+m%C3%A9dicale&l=France,https://fr.indeed.com/jobs?q=MICROPORT+CRM+FRANCE+SAS+source+entreprises.csv%3B+Dispositifs+m%C3%A9dicaux%3B+ville+Clamart%3B+ing%C3%A9nieur+R%26D%2C+dispositif+m%C3%A9dical%2C+innovation+m%C3%A9dicale&l=France%20Suisse,https://www.welcometothejungle.com/fr/jobs?query=MICROPORT+CRM+FRANCE+SAS+source+entreprises.csv%3B+Dispositifs+m%C3%A9dicaux%3B+ville+Clamart%3B+ing%C3%A9nieur+R%26D%2C+dispositif+m%C3%A9dical%2C+innovation+m%C3%A9dicale&aroundQuery=France,"source entreprises.csv, Dispositifs médicaux, ville Clamart, ingénieur R&D, dispositif médical, innovation médicale, ville CLAMART",from_uploaded_csv,"Entreprise issue du fichier entreprises.csv, ajoutée avec recherches job boards faute de page carrière officielle vérifiée.",2026-05-29
yes,WITHINGS,entreprise,France,,,,,,,,,,,https://www.linkedin.com/jobs/search/?keywords=WITHINGS+source+entreprises.csv%3B+Dispositifs+m%C3%A9dicaux%3B+ville+Issy-Les-Moulineaux%3B+ing%C3%A9nieur+R%26D%2C+dispositif+m%C3%A9dical%2C+innovation+m%C3%A9dicale&location=France%20Suisse,https://www.hellowork.com/fr-fr/emploi/recherche.html?k=WITHINGS+source+entreprises.csv%3B+Dispositifs+m%C3%A9dicaux%3B+ville+Issy-Les-Moulineaux%3B+ing%C3%A9nieur+R%26D%2C+dispositif+m%C3%A9dical%2C+innovation+m%C3%A9dicale&l=France,https://fr.indeed.com/jobs?q=WITHINGS+source+entreprises.csv%3B+Dispositifs+m%C3%A9dicaux%3B+ville+Issy-Les-Moulineaux%3B+ing%C3%A9nieur+R%26D%2C+dispositif+m%C3%A9dical%2C+innovation+m%C3%A9dicale&l=France%20Suisse,https://www.welcometothejungle.com/fr/jobs?query=WITHINGS+source+entreprises.csv%3B+Dispositifs+m%C3%A9dicaux%3B+ville+Issy-Les-Moulineaux%3B+ing%C3%A9nieur+R%26D%2C+dispositif+m%C3%A9dical%2C+innovation+m%C3%A9dicale&aroundQuery=France,"source entreprises.csv, Dispositifs médicaux, ville Issy-Les-Moulineaux, ingénieur R&D, dispositif médical, innovation médicale, ville ISSY-LES-MOULINEAUX",from_uploaded_csv,"Entreprise issue du fichier entreprises.csv, ajoutée avec recherches job boards faute de page carrière officielle vérifiée.",2026-05-29
yes,SHOCKWAVE MEDICAL FRANCE,entreprise,France,,,,,,,,,,,https://www.linkedin.com/jobs/search/?keywords=SHOCKWAVE+MEDICAL+FRANCE+source+entreprises.csv%3B+Dispositifs+m%C3%A9dicaux%3B+ville+Levallois-Perret%3B+ing%C3%A9nieur+R%26D%2C+dispositif+m%C3%A9dical%2C+innovation+m%C3%A9dicale&location=France%20Suisse,https://www.hellowork.com/fr-fr/emploi/recherche.html?k=SHOCKWAVE+MEDICAL+FRANCE+source+entreprises.csv%3B+Dispositifs+m%C3%A9dicaux%3B+ville+Levallois-Perret%3B+ing%C3%A9nieur+R%26D%2C+dispositif+m%C3%A9dical%2C+innovation+m%C3%A9dicale&l=France,https://fr.indeed.com/jobs?q=SHOCKWAVE+MEDICAL+FRANCE+source+entreprises.csv%3B+Dispositifs+m%C3%A9dicaux%3B+ville+Levallois-Perret%3B+ing%C3%A9nieur+R%26D%2C+dispositif+m%C3%A9dical%2C+innovation+m%C3%A9dicale&l=France%20Suisse,https://www.welcometothejungle.com/fr/jobs?query=SHOCKWAVE+MEDICAL+FRANCE+source+entreprises.csv%3B+Dispositifs+m%C3%A9dicaux%3B+ville+Levallois-Perret%3B+ing%C3%A9nieur+R%26D%2C+dispositif+m%C3%A9dical%2C+innovation+m%C3%A9dicale&aroundQuery=France,"source entreprises.csv, Dispositifs médicaux, ville Levallois-Perret, ingénieur R&D, dispositif médical, innovation médicale, ville LEVALLOIS-PERRET, ville PARIS 16, ville PARIS",from_uploaded_csv,"Entreprise issue du fichier entreprises.csv, ajoutée avec recherches job boards faute de page carrière officielle vérifiée.",2026-05-29
yes,STAGO BIOCARE,entreprise,France,,,,,,,,,,,https://www.linkedin.com/jobs/search/?keywords=STAGO+BIOCARE+source+entreprises.csv%3B+Dispositifs+m%C3%A9dicaux%3B+ville+ASNIERES+SUR+SEINE%3B+ing%C3%A9nieur+R%26D%2C+dispositif+m%C3%A9dical%2C+innovation+m%C3%A9dicale&location=France%20Suisse,https://www.hellowork.com/fr-fr/emploi/recherche.html?k=STAGO+BIOCARE+source+entreprises.csv%3B+Dispositifs+m%C3%A9dicaux%3B+ville+ASNIERES+SUR+SEINE%3B+ing%C3%A9nieur+R%26D%2C+dispositif+m%C3%A9dical%2C+innovation+m%C3%A9dicale&l=France,https://fr.indeed.com/jobs?q=STAGO+BIOCARE+source+entreprises.csv%3B+Dispositifs+m%C3%A9dicaux%3B+ville+ASNIERES+SUR+SEINE%3B+ing%C3%A9nieur+R%26D%2C+dispositif+m%C3%A9dical%2C+innovation+m%C3%A9dicale&l=France%20Suisse,https://www.welcometothejungle.com/fr/jobs?query=STAGO+BIOCARE+source+entreprises.csv%3B+Dispositifs+m%C3%A9dicaux%3B+ville+ASNIERES+SUR+SEINE%3B+ing%C3%A9nieur+R%26D%2C+dispositif+m%C3%A9dical%2C+innovation+m%C3%A9dicale&aroundQuery=France,"source entreprises.csv; Dispositifs médicaux; ville ASNIERES SUR SEINE; ingénieur R&D, dispositif médical, innovation médicale",from_uploaded_csv,"Entreprise issue du fichier entreprises.csv, ajoutée avec recherches job boards faute de page carrière officielle vérifiée.",2026-05-29
yes,MINDRAY MEDICAL FRANCE SARL,entreprise,France,,,,,,,,,,,https://www.linkedin.com/jobs/search/?keywords=MINDRAY+MEDICAL+FRANCE+SARL+source+entreprises.csv%3B+Dispositifs+m%C3%A9dicaux+de+diagnostic+in+vitro%2CDispositifs+m%C3%A9dicaux%3B+ville+CRETEIL%3B+ing%C3%A9nieur+R%26D%2C+dispositif+m%C3%A9dical%2C+innovation+m%C3%A9dicale&location=France%20Suisse,https://www.hellowork.com/fr-fr/emploi/recherche.html?k=MINDRAY+MEDICAL+FRANCE+SARL+source+entreprises.csv%3B+Dispositifs+m%C3%A9dicaux+de+diagnostic+in+vitro%2CDispositifs+m%C3%A9dicaux%3B+ville+CRETEIL%3B+ing%C3%A9nieur+R%26D%2C+dispositif+m%C3%A9dical%2C+innovation+m%C3%A9dicale&l=France,https://fr.indeed.com/jobs?q=MINDRAY+MEDICAL+FRANCE+SARL+source+entreprises.csv%3B+Dispositifs+m%C3%A9dicaux+de+diagnostic+in+vitro%2CDispositifs+m%C3%A9dicaux%3B+ville+CRETEIL%3B+ing%C3%A9nieur+R%26D%2C+dispositif+m%C3%A9dical%2C+innovation+m%C3%A9dicale&l=France%20Suisse,https://www.welcometothejungle.com/fr/jobs?query=MINDRAY+MEDICAL+FRANCE+SARL+source+entreprises.csv%3B+Dispositifs+m%C3%A9dicaux+de+diagnostic+in+vitro%2CDispositifs+m%C3%A9dicaux%3B+ville+CRETEIL%3B+ing%C3%A9nieur+R%26D%2C+dispositif+m%C3%A9dical%2C+innovation+m%C3%A9dicale&aroundQuery=France,"source entreprises.csv, Dispositifs médicaux de diagnostic in vitro, Dispositifs médicaux, ville CRETEIL, ingénieur R&D, dispositif médical, innovation médicale",from_uploaded_csv,"Entreprise issue du fichier entreprises.csv, ajoutée avec recherches job boards faute de page carrière officielle vérifiée.",2026-05-29
yes,SENSOME,entreprise,France,,,,,,,,,,,https://www.linkedin.com/jobs/search/?keywords=SENSOME+source+entreprises.csv%3B+Dispositifs+m%C3%A9dicaux%3B+ville+Massy%3B+ing%C3%A9nieur+R%26D%2C+dispositif+m%C3%A9dical%2C+innovation+m%C3%A9dicale&location=France%20Suisse,https://www.hellowork.com/fr-fr/emploi/recherche.html?k=SENSOME+source+entreprises.csv%3B+Dispositifs+m%C3%A9dicaux%3B+ville+Massy%3B+ing%C3%A9nieur+R%26D%2C+dispositif+m%C3%A9dical%2C+innovation+m%C3%A9dicale&l=France,https://fr.indeed.com/jobs?q=SENSOME+source+entreprises.csv%3B+Dispositifs+m%C3%A9dicaux%3B+ville+Massy%3B+ing%C3%A9nieur+R%26D%2C+dispositif+m%C3%A9dical%2C+innovation+m%C3%A9dicale&l=France%20Suisse,https://www.welcometothejungle.com/fr/jobs?query=SENSOME+source+entreprises.csv%3B+Dispositifs+m%C3%A9dicaux%3B+ville+Massy%3B+ing%C3%A9nieur+R%26D%2C+dispositif+m%C3%A9dical%2C+innovation+m%C3%A9dicale&aroundQuery=France,"source entreprises.csv; Dispositifs médicaux; ville Massy; ingénieur R&D, dispositif médical, innovation médicale",from_uploaded_csv,"Entreprise issue du fichier entreprises.csv, ajoutée avec recherches job boards faute de page carrière officielle vérifiée.",2026-05-29
yes,SAFE ORTHOPAEDICS SAS,entreprise,France,,,,,,,,,,,https://www.linkedin.com/jobs/search/?keywords=SAFE+ORTHOPAEDICS+SAS+source+entreprises.csv%3B+Dispositifs+m%C3%A9dicaux%3B+ville+ERAGNY%3B+ing%C3%A9nieur+R%26D%2C+dispositif+m%C3%A9dical%2C+innovation+m%C3%A9dicale&location=France%20Suisse,https://www.hellowork.com/fr-fr/emploi/recherche.html?k=SAFE+ORTHOPAEDICS+SAS+source+entreprises.csv%3B+Dispositifs+m%C3%A9dicaux%3B+ville+ERAGNY%3B+ing%C3%A9nieur+R%26D%2C+dispositif+m%C3%A9dical%2C+innovation+m%C3%A9dicale&l=France,https://fr.indeed.com/jobs?q=SAFE+ORTHOPAEDICS+SAS+source+entreprises.csv%3B+Dispositifs+m%C3%A9dicaux%3B+ville+ERAGNY%3B+ing%C3%A9nieur+R%26D%2C+dispositif+m%C3%A9dical%2C+innovation+m%C3%A9dicale&l=France%20Suisse,https://www.welcometothejungle.com/fr/jobs?query=SAFE+ORTHOPAEDICS+SAS+source+entreprises.csv%3B+Dispositifs+m%C3%A9dicaux%3B+ville+ERAGNY%3B+ing%C3%A9nieur+R%26D%2C+dispositif+m%C3%A9dical%2C+innovation+m%C3%A9dicale&aroundQuery=France,"source entreprises.csv, Dispositifs médicaux, ville ERAGNY, ingénieur R&D, dispositif médical, innovation médicale, ville ERAGNY SUR OISE",from_uploaded_csv,"Entreprise issue du fichier entreprises.csv, ajoutée avec recherches job boards faute de page carrière officielle vérifiée.",2026-05-29
yes,DIABNEXT SAS,entreprise,France,,,,,,,,,,,https://www.linkedin.com/jobs/search/?keywords=DIABNEXT+SAS+source+entreprises.csv%3B+Dispositifs+m%C3%A9dicaux%3B+ville+Versailles%3B+ing%C3%A9nieur+R%26D%2C+dispositif+m%C3%A9dical%2C+innovation+m%C3%A9dicale&location=France%20Suisse,https://www.hellowork.com/fr-fr/emploi/recherche.html?k=DIABNEXT+SAS+source+entreprises.csv%3B+Dispositifs+m%C3%A9dicaux%3B+ville+Versailles%3B+ing%C3%A9nieur+R%26D%2C+dispositif+m%C3%A9dical%2C+innovation+m%C3%A9dicale&l=France,https://fr.indeed.com/jobs?q=DIABNEXT+SAS+source+entreprises.csv%3B+Dispositifs+m%C3%A9dicaux%3B+ville+Versailles%3B+ing%C3%A9nieur+R%26D%2C+dispositif+m%C3%A9dical%2C+innovation+m%C3%A9dicale&l=France%20Suisse,https://www.welcometothejungle.com/fr/jobs?query=DIABNEXT+SAS+source+entreprises.csv%3B+Dispositifs+m%C3%A9dicaux%3B+ville+Versailles%3B+ing%C3%A9nieur+R%26D%2C+dispositif+m%C3%A9dical%2C+innovation+m%C3%A9dicale&aroundQuery=France,"source entreprises.csv; Dispositifs médicaux; ville Versailles; ingénieur R&D, dispositif médical, innovation médicale",from_uploaded_csv,"Entreprise issue du fichier entreprises.csv, ajoutée avec recherches job boards faute de page carrière officielle vérifiée.",2026-05-29
yes,FUJIFILM FRANCE SAS,entreprise,France,,,,,,,,,,,https://www.linkedin.com/jobs/search/?keywords=FUJIFILM+FRANCE+SAS+source+entreprises.csv%3B+Dispositifs+m%C3%A9dicaux%3B+ville+Montigny+Le+Bretonneux%3B+ing%C3%A9nieur+R%26D%2C+dispositif+m%C3%A9dical%2C+innovation+m%C3%A9dicale&location=France%20Suisse,https://www.hellowork.com/fr-fr/emploi/recherche.html?k=FUJIFILM+FRANCE+SAS+source+entreprises.csv%3B+Dispositifs+m%C3%A9dicaux%3B+ville+Montigny+Le+Bretonneux%3B+ing%C3%A9nieur+R%26D%2C+dispositif+m%C3%A9dical%2C+innovation+m%C3%A9dicale&l=France,https://fr.indeed.com/jobs?q=FUJIFILM+FRANCE+SAS+source+entreprises.csv%3B+Dispositifs+m%C3%A9dicaux%3B+ville+Montigny+Le+Bretonneux%3B+ing%C3%A9nieur+R%26D%2C+dispositif+m%C3%A9dical%2C+innovation+m%C3%A9dicale&l=France%20Suisse,https://www.welcometothejungle.com/fr/jobs?query=FUJIFILM+FRANCE+SAS+source+entreprises.csv%3B+Dispositifs+m%C3%A9dicaux%3B+ville+Montigny+Le+Bretonneux%3B+ing%C3%A9nieur+R%26D%2C+dispositif+m%C3%A9dical%2C+innovation+m%C3%A9dicale&aroundQuery=France,"source entreprises.csv; Dispositifs médicaux; ville Montigny Le Bretonneux; ingénieur R&D, dispositif médical, innovation médicale",from_uploaded_csv,"Entreprise issue du fichier entreprises.csv, ajoutée avec recherches job boards faute de page carrière officielle vérifiée.",2026-05-29
yes,NOVOCURE FRANCE SAS,entreprise,France,,,,,,,,,,,https://www.linkedin.com/jobs/search/?keywords=NOVOCURE+FRANCE+SAS+source+entreprises.csv%3B+Dispositifs+m%C3%A9dicaux%3B+ville+Paris%3B+ing%C3%A9nieur+R%26D%2C+dispositif+m%C3%A9dical%2C+innovation+m%C3%A9dicale&location=France%20Suisse,https://www.hellowork.com/fr-fr/emploi/recherche.html?k=NOVOCURE+FRANCE+SAS+source+entreprises.csv%3B+Dispositifs+m%C3%A9dicaux%3B+ville+Paris%3B+ing%C3%A9nieur+R%26D%2C+dispositif+m%C3%A9dical%2C+innovation+m%C3%A9dicale&l=France,https://fr.indeed.com/jobs?q=NOVOCURE+FRANCE+SAS+source+entreprises.csv%3B+Dispositifs+m%C3%A9dicaux%3B+ville+Paris%3B+ing%C3%A9nieur+R%26D%2C+dispositif+m%C3%A9dical%2C+innovation+m%C3%A9dicale&l=France%20Suisse,https://www.welcometothejungle.com/fr/jobs?query=NOVOCURE+FRANCE+SAS+source+entreprises.csv%3B+Dispositifs+m%C3%A9dicaux%3B+ville+Paris%3B+ing%C3%A9nieur+R%26D%2C+dispositif+m%C3%A9dical%2C+innovation+m%C3%A9dicale&aroundQuery=France,"source entreprises.csv, Dispositifs médicaux, ville Paris, ingénieur R&D, dispositif médical, innovation médicale, ville BOULOGNE-BILLANCOURT",from_uploaded_csv,"Entreprise issue du fichier entreprises.csv, ajoutée avec recherches job boards faute de page carrière officielle vérifiée.",2026-05-29
yes,TILAK HEALTHCARE,entreprise,France,,,,,,,,,,,https://www.linkedin.com/jobs/search/?keywords=TILAK+HEALTHCARE+source+entreprises.csv%3B+Dispositifs+m%C3%A9dicaux%3B+ville+PARIS%3B+ing%C3%A9nieur+R%26D%2C+dispositif+m%C3%A9dical%2C+innovation+m%C3%A9dicale&location=France%20Suisse,https://www.hellowork.com/fr-fr/emploi/recherche.html?k=TILAK+HEALTHCARE+source+entreprises.csv%3B+Dispositifs+m%C3%A9dicaux%3B+ville+PARIS%3B+ing%C3%A9nieur+R%26D%2C+dispositif+m%C3%A9dical%2C+innovation+m%C3%A9dicale&l=France,https://fr.indeed.com/jobs?q=TILAK+HEALTHCARE+source+entreprises.csv%3B+Dispositifs+m%C3%A9dicaux%3B+ville+PARIS%3B+ing%C3%A9nieur+R%26D%2C+dispositif+m%C3%A9dical%2C+innovation+m%C3%A9dicale&l=France%20Suisse,https://www.welcometothejungle.com/fr/jobs?query=TILAK+HEALTHCARE+source+entreprises.csv%3B+Dispositifs+m%C3%A9dicaux%3B+ville+PARIS%3B+ing%C3%A9nieur+R%26D%2C+dispositif+m%C3%A9dical%2C+innovation+m%C3%A9dicale&aroundQuery=France,"source entreprises.csv, Dispositifs médicaux, ville PARIS, ingénieur R&D, dispositif médical, innovation médicale, ville PARIS 12",from_uploaded_csv,"Entreprise issue du fichier entreprises.csv, ajoutée avec recherches job boards faute de page carrière officielle vérifiée.",2026-05-29
yes,VIMS,entreprise,France,,,,,,,,,,,https://www.linkedin.com/jobs/search/?keywords=VIMS+source+entreprises.csv%3B+Dispositifs+m%C3%A9dicaux%3B+ville+PARIS%3B+ing%C3%A9nieur+R%26D%2C+dispositif+m%C3%A9dical%2C+innovation+m%C3%A9dicale&location=France%20Suisse,https://www.hellowork.com/fr-fr/emploi/recherche.html?k=VIMS+source+entreprises.csv%3B+Dispositifs+m%C3%A9dicaux%3B+ville+PARIS%3B+ing%C3%A9nieur+R%26D%2C+dispositif+m%C3%A9dical%2C+innovation+m%C3%A9dicale&l=France,https://fr.indeed.com/jobs?q=VIMS+source+entreprises.csv%3B+Dispositifs+m%C3%A9dicaux%3B+ville+PARIS%3B+ing%C3%A9nieur+R%26D%2C+dispositif+m%C3%A9dical%2C+innovation+m%C3%A9dicale&l=France%20Suisse,https://www.welcometothejungle.com/fr/jobs?query=VIMS+source+entreprises.csv%3B+Dispositifs+m%C3%A9dicaux%3B+ville+PARIS%3B+ing%C3%A9nieur+R%26D%2C+dispositif+m%C3%A9dical%2C+innovation+m%C3%A9dicale&aroundQuery=France,"source entreprises.csv; Dispositifs médicaux; ville PARIS; ingénieur R&D, dispositif médical, innovation médicale",from_uploaded_csv,"Entreprise issue du fichier entreprises.csv, ajoutée avec recherches job boards faute de page carrière officielle vérifiée.",2026-05-29
yes,AVATAR MEDICAL,entreprise,France,,,,,,,,,,,https://www.linkedin.com/jobs/search/?keywords=AVATAR+MEDICAL+source+entreprises.csv%3B+Dispositifs+m%C3%A9dicaux%3B+ville+Paris%3B+ing%C3%A9nieur+R%26D%2C+dispositif+m%C3%A9dical%2C+innovation+m%C3%A9dicale&location=France%20Suisse,https://www.hellowork.com/fr-fr/emploi/recherche.html?k=AVATAR+MEDICAL+source+entreprises.csv%3B+Dispositifs+m%C3%A9dicaux%3B+ville+Paris%3B+ing%C3%A9nieur+R%26D%2C+dispositif+m%C3%A9dical%2C+innovation+m%C3%A9dicale&l=France,https://fr.indeed.com/jobs?q=AVATAR+MEDICAL+source+entreprises.csv%3B+Dispositifs+m%C3%A9dicaux%3B+ville+Paris%3B+ing%C3%A9nieur+R%26D%2C+dispositif+m%C3%A9dical%2C+innovation+m%C3%A9dicale&l=France%20Suisse,https://www.welcometothejungle.com/fr/jobs?query=AVATAR+MEDICAL+source+entreprises.csv%3B+Dispositifs+m%C3%A9dicaux%3B+ville+Paris%3B+ing%C3%A9nieur+R%26D%2C+dispositif+m%C3%A9dical%2C+innovation+m%C3%A9dicale&aroundQuery=France,"source entreprises.csv; Dispositifs médicaux; ville Paris; ingénieur R&D, dispositif médical, innovation médicale",from_uploaded_csv,"Entreprise issue du fichier entreprises.csv, ajoutée avec recherches job boards faute de page carrière officielle vérifiée.",2026-05-29
yes,CIBILTECH,entreprise,France,,,,,,,,,,,https://www.linkedin.com/jobs/search/?keywords=CIBILTECH+source+entreprises.csv%3B+Dispositifs+m%C3%A9dicaux%3B+ville+Paris%3B+ing%C3%A9nieur+R%26D%2C+dispositif+m%C3%A9dical%2C+innovation+m%C3%A9dicale&location=France%20Suisse,https://www.hellowork.com/fr-fr/emploi/recherche.html?k=CIBILTECH+source+entreprises.csv%3B+Dispositifs+m%C3%A9dicaux%3B+ville+Paris%3B+ing%C3%A9nieur+R%26D%2C+dispositif+m%C3%A9dical%2C+innovation+m%C3%A9dicale&l=France,https://fr.indeed.com/jobs?q=CIBILTECH+source+entreprises.csv%3B+Dispositifs+m%C3%A9dicaux%3B+ville+Paris%3B+ing%C3%A9nieur+R%26D%2C+dispositif+m%C3%A9dical%2C+innovation+m%C3%A9dicale&l=France%20Suisse,https://www.welcometothejungle.com/fr/jobs?query=CIBILTECH+source+entreprises.csv%3B+Dispositifs+m%C3%A9dicaux%3B+ville+Paris%3B+ing%C3%A9nieur+R%26D%2C+dispositif+m%C3%A9dical%2C+innovation+m%C3%A9dicale&aroundQuery=France,"source entreprises.csv; Dispositifs médicaux; ville Paris; ingénieur R&D, dispositif médical, innovation médicale",from_uploaded_csv,"Entreprise issue du fichier entreprises.csv, ajoutée avec recherches job boards faute de page carrière officielle vérifiée.",2026-05-29
yes,QYNAPSE,entreprise,France,,,,,,,,,,,https://www.linkedin.com/jobs/search/?keywords=QYNAPSE+source+entreprises.csv%3B+Dispositifs+m%C3%A9dicaux%3B+ville+PARIS+5%3B+ing%C3%A9nieur+R%26D%2C+dispositif+m%C3%A9dical%2C+innovation+m%C3%A9dicale&location=France%20Suisse,https://www.hellowork.com/fr-fr/emploi/recherche.html?k=QYNAPSE+source+entreprises.csv%3B+Dispositifs+m%C3%A9dicaux%3B+ville+PARIS+5%3B+ing%C3%A9nieur+R%26D%2C+dispositif+m%C3%A9dical%2C+innovation+m%C3%A9dicale&l=France,https://fr.indeed.com/jobs?q=QYNAPSE+source+entreprises.csv%3B+Dispositifs+m%C3%A9dicaux%3B+ville+PARIS+5%3B+ing%C3%A9nieur+R%26D%2C+dispositif+m%C3%A9dical%2C+innovation+m%C3%A9dicale&l=France%20Suisse,https://www.welcometothejungle.com/fr/jobs?query=QYNAPSE+source+entreprises.csv%3B+Dispositifs+m%C3%A9dicaux%3B+ville+PARIS+5%3B+ing%C3%A9nieur+R%26D%2C+dispositif+m%C3%A9dical%2C+innovation+m%C3%A9dicale&aroundQuery=France,"source entreprises.csv; Dispositifs médicaux; ville PARIS 5; ingénieur R&D, dispositif médical, innovation médicale",from_uploaded_csv,"Entreprise issue du fichier entreprises.csv, ajoutée avec recherches job boards faute de page carrière officielle vérifiée.",2026-05-29
yes,GENSIGHT BIOLOGICS,entreprise,France,,,,,,,,,,,https://www.linkedin.com/jobs/search/?keywords=GENSIGHT+BIOLOGICS+source+entreprises.csv%3B+Dispositifs+m%C3%A9dicaux%2CM%C3%A9dicaments+humains%3B+ville+PARIS+12%3B+ing%C3%A9nieur+R%26D%2C+dispositif+m%C3%A9dical%2C+innovation+m%C3%A9dicale&location=France%20Suisse,https://www.hellowork.com/fr-fr/emploi/recherche.html?k=GENSIGHT+BIOLOGICS+source+entreprises.csv%3B+Dispositifs+m%C3%A9dicaux%2CM%C3%A9dicaments+humains%3B+ville+PARIS+12%3B+ing%C3%A9nieur+R%26D%2C+dispositif+m%C3%A9dical%2C+innovation+m%C3%A9dicale&l=France,https://fr.indeed.com/jobs?q=GENSIGHT+BIOLOGICS+source+entreprises.csv%3B+Dispositifs+m%C3%A9dicaux%2CM%C3%A9dicaments+humains%3B+ville+PARIS+12%3B+ing%C3%A9nieur+R%26D%2C+dispositif+m%C3%A9dical%2C+innovation+m%C3%A9dicale&l=France%20Suisse,https://www.welcometothejungle.com/fr/jobs?query=GENSIGHT+BIOLOGICS+source+entreprises.csv%3B+Dispositifs+m%C3%A9dicaux%2CM%C3%A9dicaments+humains%3B+ville+PARIS+12%3B+ing%C3%A9nieur+R%26D%2C+dispositif+m%C3%A9dical%2C+innovation+m%C3%A9dicale&aroundQuery=France,"source entreprises.csv, Dispositifs médicaux, Médicaments humains, ville PARIS 12, ingénieur R&D, dispositif médical, innovation médicale",from_uploaded_csv,"Entreprise issue du fichier entreprises.csv, ajoutée avec recherches job boards faute de page carrière officielle vérifiée.",2026-05-29
yes,DEXCOM FRANCE SAS,entreprise,France,,,,,,,,,,,https://www.linkedin.com/jobs/search/?keywords=DEXCOM+FRANCE+SAS+source+entreprises.csv%3B+Dispositifs+m%C3%A9dicaux%3B+ville+PARIS+2%3B+ing%C3%A9nieur+R%26D%2C+dispositif+m%C3%A9dical%2C+innovation+m%C3%A9dicale&location=France%20Suisse,https://www.hellowork.com/fr-fr/emploi/recherche.html?k=DEXCOM+FRANCE+SAS+source+entreprises.csv%3B+Dispositifs+m%C3%A9dicaux%3B+ville+PARIS+2%3B+ing%C3%A9nieur+R%26D%2C+dispositif+m%C3%A9dical%2C+innovation+m%C3%A9dicale&l=France,https://fr.indeed.com/jobs?q=DEXCOM+FRANCE+SAS+source+entreprises.csv%3B+Dispositifs+m%C3%A9dicaux%3B+ville+PARIS+2%3B+ing%C3%A9nieur+R%26D%2C+dispositif+m%C3%A9dical%2C+innovation+m%C3%A9dicale&l=France%20Suisse,https://www.welcometothejungle.com/fr/jobs?query=DEXCOM+FRANCE+SAS+source+entreprises.csv%3B+Dispositifs+m%C3%A9dicaux%3B+ville+PARIS+2%3B+ing%C3%A9nieur+R%26D%2C+dispositif+m%C3%A9dical%2C+innovation+m%C3%A9dicale&aroundQuery=France,"source entreprises.csv; Dispositifs médicaux; ville PARIS 2; ingénieur R&D, dispositif médical, innovation médicale",from_uploaded_csv,"Entreprise issue du fichier entreprises.csv, ajoutée avec recherches job boards faute de page carrière officielle vérifiée.",2026-05-29
yes,METYOS,entreprise,France,,,,,,,,,,,https://www.linkedin.com/jobs/search/?keywords=METYOS+source+entreprises.csv%3B+Dispositifs+m%C3%A9dicaux%3B+ville+PARIS+4%3B+ing%C3%A9nieur+R%26D%2C+dispositif+m%C3%A9dical%2C+innovation+m%C3%A9dicale&location=France%20Suisse,https://www.hellowork.com/fr-fr/emploi/recherche.html?k=METYOS+source+entreprises.csv%3B+Dispositifs+m%C3%A9dicaux%3B+ville+PARIS+4%3B+ing%C3%A9nieur+R%26D%2C+dispositif+m%C3%A9dical%2C+innovation+m%C3%A9dicale&l=France,https://fr.indeed.com/jobs?q=METYOS+source+entreprises.csv%3B+Dispositifs+m%C3%A9dicaux%3B+ville+PARIS+4%3B+ing%C3%A9nieur+R%26D%2C+dispositif+m%C3%A9dical%2C+innovation+m%C3%A9dicale&l=France%20Suisse,https://www.welcometothejungle.com/fr/jobs?query=METYOS+source+entreprises.csv%3B+Dispositifs+m%C3%A9dicaux%3B+ville+PARIS+4%3B+ing%C3%A9nieur+R%26D%2C+dispositif+m%C3%A9dical%2C+innovation+m%C3%A9dicale&aroundQuery=France,"source entreprises.csv; Dispositifs médicaux; ville PARIS 4; ingénieur R&D, dispositif médical, innovation médicale",from_uploaded_csv,"Entreprise issue du fichier entreprises.csv, ajoutée avec recherches job boards faute de page carrière officielle vérifiée.",2026-05-29
yes,RESILIENCE,entreprise,France,,,,,,,,,,,https://www.linkedin.com/jobs/search/?keywords=RESILIENCE+source+entreprises.csv%3B+Dispositifs+m%C3%A9dicaux%3B+ville+PARIS+17%3B+ing%C3%A9nieur+R%26D%2C+dispositif+m%C3%A9dical%2C+innovation+m%C3%A9dicale&location=France%20Suisse,https://www.hellowork.com/fr-fr/emploi/recherche.html?k=RESILIENCE+source+entreprises.csv%3B+Dispositifs+m%C3%A9dicaux%3B+ville+PARIS+17%3B+ing%C3%A9nieur+R%26D%2C+dispositif+m%C3%A9dical%2C+innovation+m%C3%A9dicale&l=France,https://fr.indeed.com/jobs?q=RESILIENCE+source+entreprises.csv%3B+Dispositifs+m%C3%A9dicaux%3B+ville+PARIS+17%3B+ing%C3%A9nieur+R%26D%2C+dispositif+m%C3%A9dical%2C+innovation+m%C3%A9dicale&l=France%20Suisse,https://www.welcometothejungle.com/fr/jobs?query=RESILIENCE+source+entreprises.csv%3B+Dispositifs+m%C3%A9dicaux%3B+ville+PARIS+17%3B+ing%C3%A9nieur+R%26D%2C+dispositif+m%C3%A9dical%2C+innovation+m%C3%A9dicale&aroundQuery=France,"source entreprises.csv; Dispositifs médicaux; ville PARIS 17; ingénieur R&D, dispositif médical, innovation médicale",from_uploaded_csv,"Entreprise issue du fichier entreprises.csv, ajoutée avec recherches job boards faute de page carrière officielle vérifiée.",2026-05-29
yes,CALLYOPE,entreprise,France,,,,,,,,,,,https://www.linkedin.com/jobs/search/?keywords=CALLYOPE+source+entreprises.csv%3B+Dispositifs+m%C3%A9dicaux%3B+ville+NEUILLY-SUR-SEINE%3B+ing%C3%A9nieur+R%26D%2C+dispositif+m%C3%A9dical%2C+innovation+m%C3%A9dicale&location=France%20Suisse,https://www.hellowork.com/fr-fr/emploi/recherche.html?k=CALLYOPE+source+entreprises.csv%3B+Dispositifs+m%C3%A9dicaux%3B+ville+NEUILLY-SUR-SEINE%3B+ing%C3%A9nieur+R%26D%2C+dispositif+m%C3%A9dical%2C+innovation+m%C3%A9dicale&l=France,https://fr.indeed.com/jobs?q=CALLYOPE+source+entreprises.csv%3B+Dispositifs+m%C3%A9dicaux%3B+ville+NEUILLY-SUR-SEINE%3B+ing%C3%A9nieur+R%26D%2C+dispositif+m%C3%A9dical%2C+innovation+m%C3%A9dicale&l=France%20Suisse,https://www.welcometothejungle.com/fr/jobs?query=CALLYOPE+source+entreprises.csv%3B+Dispositifs+m%C3%A9dicaux%3B+ville+NEUILLY-SUR-SEINE%3B+ing%C3%A9nieur+R%26D%2C+dispositif+m%C3%A9dical%2C+innovation+m%C3%A9dicale&aroundQuery=France,"source entreprises.csv; Dispositifs médicaux; ville NEUILLY-SUR-SEINE; ingénieur R&D, dispositif médical, innovation médicale",from_uploaded_csv,"Entreprise issue du fichier entreprises.csv, ajoutée avec recherches job boards faute de page carrière officielle vérifiée.",2026-05-29
yes,SONOMIND,entreprise,France,,,,,,,,,,,https://www.linkedin.com/jobs/search/?keywords=SONOMIND+source+entreprises.csv%3B+Dispositifs+m%C3%A9dicaux%3B+ville+PARIS%3B+ing%C3%A9nieur+R%26D%2C+dispositif+m%C3%A9dical%2C+innovation+m%C3%A9dicale&location=France%20Suisse,https://www.hellowork.com/fr-fr/emploi/recherche.html?k=SONOMIND+source+entreprises.csv%3B+Dispositifs+m%C3%A9dicaux%3B+ville+PARIS%3B+ing%C3%A9nieur+R%26D%2C+dispositif+m%C3%A9dical%2C+innovation+m%C3%A9dicale&l=France,https://fr.indeed.com/jobs?q=SONOMIND+source+entreprises.csv%3B+Dispositifs+m%C3%A9dicaux%3B+ville+PARIS%3B+ing%C3%A9nieur+R%26D%2C+dispositif+m%C3%A9dical%2C+innovation+m%C3%A9dicale&l=France%20Suisse,https://www.welcometothejungle.com/fr/jobs?query=SONOMIND+source+entreprises.csv%3B+Dispositifs+m%C3%A9dicaux%3B+ville+PARIS%3B+ing%C3%A9nieur+R%26D%2C+dispositif+m%C3%A9dical%2C+innovation+m%C3%A9dicale&aroundQuery=France,"source entreprises.csv; Dispositifs médicaux; ville PARIS; ingénieur R&D, dispositif médical, innovation médicale",from_uploaded_csv,"Entreprise issue du fichier entreprises.csv, ajoutée avec recherches job boards faute de page carrière officielle vérifiée.",2026-05-29
yes,LOWENSTEIN MEDICAL FRANCE,entreprise,France,,,,,,,,,,,https://www.linkedin.com/jobs/search/?keywords=LOWENSTEIN+MEDICAL+FRANCE+source+entreprises.csv%3B+Dispositifs+m%C3%A9dicaux%3B+ville+Massy%3B+ing%C3%A9nieur+R%26D%2C+dispositif+m%C3%A9dical%2C+innovation+m%C3%A9dicale&location=France%20Suisse,https://www.hellowork.com/fr-fr/emploi/recherche.html?k=LOWENSTEIN+MEDICAL+FRANCE+source+entreprises.csv%3B+Dispositifs+m%C3%A9dicaux%3B+ville+Massy%3B+ing%C3%A9nieur+R%26D%2C+dispositif+m%C3%A9dical%2C+innovation+m%C3%A9dicale&l=France,https://fr.indeed.com/jobs?q=LOWENSTEIN+MEDICAL+FRANCE+source+entreprises.csv%3B+Dispositifs+m%C3%A9dicaux%3B+ville+Massy%3B+ing%C3%A9nieur+R%26D%2C+dispositif+m%C3%A9dical%2C+innovation+m%C3%A9dicale&l=France%20Suisse,https://www.welcometothejungle.com/fr/jobs?query=LOWENSTEIN+MEDICAL+FRANCE+source+entreprises.csv%3B+Dispositifs+m%C3%A9dicaux%3B+ville+Massy%3B+ing%C3%A9nieur+R%26D%2C+dispositif+m%C3%A9dical%2C+innovation+m%C3%A9dicale&aroundQuery=France,"source entreprises.csv; Dispositifs médicaux; ville Massy; ingénieur R&D, dispositif médical, innovation médicale",from_uploaded_csv,"Entreprise issue du fichier entreprises.csv, ajoutée avec recherches job boards faute de page carrière officielle vérifiée.",2026-05-29
yes,APPLIED MEDICAL FRANCE,entreprise,France,,,,,,,,,,,https://www.linkedin.com/jobs/search/?keywords=APPLIED+MEDICAL+FRANCE+source+entreprises.csv%3B+Dispositifs+m%C3%A9dicaux%3B+ville+BOULOGNE-BILLANCOURT%3B+ing%C3%A9nieur+R%26D%2C+dispositif+m%C3%A9dical%2C+innovation+m%C3%A9dicale&location=France%20Suisse,https://www.hellowork.com/fr-fr/emploi/recherche.html?k=APPLIED+MEDICAL+FRANCE+source+entreprises.csv%3B+Dispositifs+m%C3%A9dicaux%3B+ville+BOULOGNE-BILLANCOURT%3B+ing%C3%A9nieur+R%26D%2C+dispositif+m%C3%A9dical%2C+innovation+m%C3%A9dicale&l=France,https://fr.indeed.com/jobs?q=APPLIED+MEDICAL+FRANCE+source+entreprises.csv%3B+Dispositifs+m%C3%A9dicaux%3B+ville+BOULOGNE-BILLANCOURT%3B+ing%C3%A9nieur+R%26D%2C+dispositif+m%C3%A9dical%2C+innovation+m%C3%A9dicale&l=France%20Suisse,https://www.welcometothejungle.com/fr/jobs?query=APPLIED+MEDICAL+FRANCE+source+entreprises.csv%3B+Dispositifs+m%C3%A9dicaux%3B+ville+BOULOGNE-BILLANCOURT%3B+ing%C3%A9nieur+R%26D%2C+dispositif+m%C3%A9dical%2C+innovation+m%C3%A9dicale&aroundQuery=France,"source entreprises.csv, Dispositifs médicaux, ville BOULOGNE-BILLANCOURT, ingénieur R&D, dispositif médical, innovation médicale, ville Paris",from_uploaded_csv,"Entreprise issue du fichier entreprises.csv, ajoutée avec recherches job boards faute de page carrière officielle vérifiée.",2026-05-29
yes,LEICA MICROSYSTÈMES SAS,entreprise,France,,,,,,,,,,,https://www.linkedin.com/jobs/search/?keywords=LEICA+MICROSYST%C3%88MES+SAS+source+entreprises.csv%3B+Dispositifs+m%C3%A9dicaux%2CDispositifs+m%C3%A9dicaux+de+diagnostic+in+vitro%3B+ville+Nanterre%3B+ing%C3%A9nieur+R%26D%2C+dispositif+m%C3%A9dical%2C+innovation+m%C3%A9dicale&location=France%20Suisse,https://www.hellowork.com/fr-fr/emploi/recherche.html?k=LEICA+MICROSYST%C3%88MES+SAS+source+entreprises.csv%3B+Dispositifs+m%C3%A9dicaux%2CDispositifs+m%C3%A9dicaux+de+diagnostic+in+vitro%3B+ville+Nanterre%3B+ing%C3%A9nieur+R%26D%2C+dispositif+m%C3%A9dical%2C+innovation+m%C3%A9dicale&l=France,https://fr.indeed.com/jobs?q=LEICA+MICROSYST%C3%88MES+SAS+source+entreprises.csv%3B+Dispositifs+m%C3%A9dicaux%2CDispositifs+m%C3%A9dicaux+de+diagnostic+in+vitro%3B+ville+Nanterre%3B+ing%C3%A9nieur+R%26D%2C+dispositif+m%C3%A9dical%2C+innovation+m%C3%A9dicale&l=France%20Suisse,https://www.welcometothejungle.com/fr/jobs?query=LEICA+MICROSYST%C3%88MES+SAS+source+entreprises.csv%3B+Dispositifs+m%C3%A9dicaux%2CDispositifs+m%C3%A9dicaux+de+diagnostic+in+vitro%3B+ville+Nanterre%3B+ing%C3%A9nieur+R%26D%2C+dispositif+m%C3%A9dical%2C+innovation+m%C3%A9dicale&aroundQuery=France,"source entreprises.csv, Dispositifs médicaux, Dispositifs médicaux de diagnostic in vitro, ville Nanterre, ingénieur R&D, dispositif médical, innovation médicale, ville NANTERRE",from_uploaded_csv,"Entreprise issue du fichier entreprises.csv, ajoutée avec recherches job boards faute de page carrière officielle vérifiée.",2026-05-29
yes,SPINEVISION,entreprise,France,,,,,,,,,,,https://www.linkedin.com/jobs/search/?keywords=SPINEVISION+source+entreprises.csv%3B+Dispositifs+m%C3%A9dicaux%3B+ville+ANTONY%3B+ing%C3%A9nieur+R%26D%2C+dispositif+m%C3%A9dical%2C+innovation+m%C3%A9dicale&location=France%20Suisse,https://www.hellowork.com/fr-fr/emploi/recherche.html?k=SPINEVISION+source+entreprises.csv%3B+Dispositifs+m%C3%A9dicaux%3B+ville+ANTONY%3B+ing%C3%A9nieur+R%26D%2C+dispositif+m%C3%A9dical%2C+innovation+m%C3%A9dicale&l=France,https://fr.indeed.com/jobs?q=SPINEVISION+source+entreprises.csv%3B+Dispositifs+m%C3%A9dicaux%3B+ville+ANTONY%3B+ing%C3%A9nieur+R%26D%2C+dispositif+m%C3%A9dical%2C+innovation+m%C3%A9dicale&l=France%20Suisse,https://www.welcometothejungle.com/fr/jobs?query=SPINEVISION+source+entreprises.csv%3B+Dispositifs+m%C3%A9dicaux%3B+ville+ANTONY%3B+ing%C3%A9nieur+R%26D%2C+dispositif+m%C3%A9dical%2C+innovation+m%C3%A9dicale&aroundQuery=France,"source entreprises.csv, Dispositifs médicaux, ville ANTONY, ingénieur R&D, dispositif médical, innovation médicale",from_uploaded_csv,"Entreprise issue du fichier entreprises.csv, ajoutée avec recherches job boards faute de page carrière officielle vérifiée.",2026-05-29
yes,LIFESCAN FRANCE SAS,entreprise,France,,,,,,,,,,,https://www.linkedin.com/jobs/search/?keywords=LIFESCAN+FRANCE+SAS+source+entreprises.csv%3B+Dispositifs+m%C3%A9dicaux%3B+ville+RUEIL-MALMAISON%3B+ing%C3%A9nieur+R%26D%2C+dispositif+m%C3%A9dical%2C+innovation+m%C3%A9dicale&location=France%20Suisse,https://www.hellowork.com/fr-fr/emploi/recherche.html?k=LIFESCAN+FRANCE+SAS+source+entreprises.csv%3B+Dispositifs+m%C3%A9dicaux%3B+ville+RUEIL-MALMAISON%3B+ing%C3%A9nieur+R%26D%2C+dispositif+m%C3%A9dical%2C+innovation+m%C3%A9dicale&l=France,https://fr.indeed.com/jobs?q=LIFESCAN+FRANCE+SAS+source+entreprises.csv%3B+Dispositifs+m%C3%A9dicaux%3B+ville+RUEIL-MALMAISON%3B+ing%C3%A9nieur+R%26D%2C+dispositif+m%C3%A9dical%2C+innovation+m%C3%A9dicale&l=France%20Suisse,https://www.welcometothejungle.com/fr/jobs?query=LIFESCAN+FRANCE+SAS+source+entreprises.csv%3B+Dispositifs+m%C3%A9dicaux%3B+ville+RUEIL-MALMAISON%3B+ing%C3%A9nieur+R%26D%2C+dispositif+m%C3%A9dical%2C+innovation+m%C3%A9dicale&aroundQuery=France,"source entreprises.csv, Dispositifs médicaux, ville RUEIL-MALMAISON, ingénieur R&D, dispositif médical, innovation médicale, ville COURBEVOIE, ville PARIS, ville ISSY LES MOULINEAUX",from_uploaded_csv,"Entreprise issue du fichier entreprises.csv, ajoutée avec recherches job boards faute de page carrière officielle vérifiée.",2026-05-29
yes,LABORATOIRES ALCON,entreprise,France,,,,,,,,,,,https://www.linkedin.com/jobs/search/?keywords=LABORATOIRES+ALCON+source+entreprises.csv%3B+Dispositifs+m%C3%A9dicaux%2CM%C3%A9dicaments+humains%3B+ville+RUEIL-MALMAISON%3B+ing%C3%A9nieur+R%26D%2C+dispositif+m%C3%A9dical%2C+innovation+m%C3%A9dicale&location=France%20Suisse,https://www.hellowork.com/fr-fr/emploi/recherche.html?k=LABORATOIRES+ALCON+source+entreprises.csv%3B+Dispositifs+m%C3%A9dicaux%2CM%C3%A9dicaments+humains%3B+ville+RUEIL-MALMAISON%3B+ing%C3%A9nieur+R%26D%2C+dispositif+m%C3%A9dical%2C+innovation+m%C3%A9dicale&l=France,https://fr.indeed.com/jobs?q=LABORATOIRES+ALCON+source+entreprises.csv%3B+Dispositifs+m%C3%A9dicaux%2CM%C3%A9dicaments+humains%3B+ville+RUEIL-MALMAISON%3B+ing%C3%A9nieur+R%26D%2C+dispositif+m%C3%A9dical%2C+innovation+m%C3%A9dicale&l=France%20Suisse,https://www.welcometothejungle.com/fr/jobs?query=LABORATOIRES+ALCON+source+entreprises.csv%3B+Dispositifs+m%C3%A9dicaux%2CM%C3%A9dicaments+humains%3B+ville+RUEIL-MALMAISON%3B+ing%C3%A9nieur+R%26D%2C+dispositif+m%C3%A9dical%2C+innovation+m%C3%A9dicale&aroundQuery=France,"source entreprises.csv, Dispositifs médicaux, Médicaments humains, ville RUEIL-MALMAISON, ingénieur R&D, dispositif médical, innovation médicale, ville RUEIL MALMAISON",from_uploaded_csv,"Entreprise issue du fichier entreprises.csv, ajoutée avec recherches job boards faute de page carrière officielle vérifiée.",2026-05-29
yes,GUERBET FRANCE,entreprise,France,,,,,,,,,,,https://www.linkedin.com/jobs/search/?keywords=GUERBET+FRANCE+source+entreprises.csv%3B+Dispositifs+m%C3%A9dicaux%2CM%C3%A9dicaments+humains%3B+ville+Villepinte%3B+ing%C3%A9nieur+R%26D%2C+dispositif+m%C3%A9dical%2C+innovation+m%C3%A9dicale&location=France%20Suisse,https://www.hellowork.com/fr-fr/emploi/recherche.html?k=GUERBET+FRANCE+source+entreprises.csv%3B+Dispositifs+m%C3%A9dicaux%2CM%C3%A9dicaments+humains%3B+ville+Villepinte%3B+ing%C3%A9nieur+R%26D%2C+dispositif+m%C3%A9dical%2C+innovation+m%C3%A9dicale&l=France,https://fr.indeed.com/jobs?q=GUERBET+FRANCE+source+entreprises.csv%3B+Dispositifs+m%C3%A9dicaux%2CM%C3%A9dicaments+humains%3B+ville+Villepinte%3B+ing%C3%A9nieur+R%26D%2C+dispositif+m%C3%A9dical%2C+innovation+m%C3%A9dicale&l=France%20Suisse,https://www.welcometothejungle.com/fr/jobs?query=GUERBET+FRANCE+source+entreprises.csv%3B+Dispositifs+m%C3%A9dicaux%2CM%C3%A9dicaments+humains%3B+ville+Villepinte%3B+ing%C3%A9nieur+R%26D%2C+dispositif+m%C3%A9dical%2C+innovation+m%C3%A9dicale&aroundQuery=France,"source entreprises.csv, Dispositifs médicaux, Médicaments humains, ville Villepinte, ingénieur R&D, dispositif médical, innovation médicale, ville VILLEPINTE",from_uploaded_csv,"Entreprise issue du fichier entreprises.csv, ajoutée avec recherches job boards faute de page carrière officielle vérifiée.",2026-05-29
yes,WELLSPECT,entreprise,France,,,,,,,,,,,https://www.linkedin.com/jobs/search/?keywords=WELLSPECT+source+entreprises.csv%3B+Dispositifs+m%C3%A9dicaux%3B+ville+VERSAILLES%3B+ing%C3%A9nieur+R%26D%2C+dispositif+m%C3%A9dical%2C+innovation+m%C3%A9dicale&location=France%20Suisse,https://www.hellowork.com/fr-fr/emploi/recherche.html?k=WELLSPECT+source+entreprises.csv%3B+Dispositifs+m%C3%A9dicaux%3B+ville+VERSAILLES%3B+ing%C3%A9nieur+R%26D%2C+dispositif+m%C3%A9dical%2C+innovation+m%C3%A9dicale&l=France,https://fr.indeed.com/jobs?q=WELLSPECT+source+entreprises.csv%3B+Dispositifs+m%C3%A9dicaux%3B+ville+VERSAILLES%3B+ing%C3%A9nieur+R%26D%2C+dispositif+m%C3%A9dical%2C+innovation+m%C3%A9dicale&l=France%20Suisse,https://www.welcometothejungle.com/fr/jobs?query=WELLSPECT+source+entreprises.csv%3B+Dispositifs+m%C3%A9dicaux%3B+ville+VERSAILLES%3B+ing%C3%A9nieur+R%26D%2C+dispositif+m%C3%A9dical%2C+innovation+m%C3%A9dicale&aroundQuery=France,"source entreprises.csv; Dispositifs médicaux; ville VERSAILLES; ingénieur R&D, dispositif médical, innovation médicale",from_uploaded_csv,"Entreprise issue du fichier entreprises.csv, ajoutée avec recherches job boards faute de page carrière officielle vérifiée.",2026-05-29
yes,MERIT MEDICAL FRANCE,entreprise,France,,,,,,,,,,,https://www.linkedin.com/jobs/search/?keywords=MERIT+MEDICAL+FRANCE+source+entreprises.csv%3B+Dispositifs+m%C3%A9dicaux%3B+ville+TRAPPES%3B+ing%C3%A9nieur+R%26D%2C+dispositif+m%C3%A9dical%2C+innovation+m%C3%A9dicale&location=France%20Suisse,https://www.hellowork.com/fr-fr/emploi/recherche.html?k=MERIT+MEDICAL+FRANCE+source+entreprises.csv%3B+Dispositifs+m%C3%A9dicaux%3B+ville+TRAPPES%3B+ing%C3%A9nieur+R%26D%2C+dispositif+m%C3%A9dical%2C+innovation+m%C3%A9dicale&l=France,https://fr.indeed.com/jobs?q=MERIT+MEDICAL+FRANCE+source+entreprises.csv%3B+Dispositifs+m%C3%A9dicaux%3B+ville+TRAPPES%3B+ing%C3%A9nieur+R%26D%2C+dispositif+m%C3%A9dical%2C+innovation+m%C3%A9dicale&l=France%20Suisse,https://www.welcometothejungle.com/fr/jobs?query=MERIT+MEDICAL+FRANCE+source+entreprises.csv%3B+Dispositifs+m%C3%A9dicaux%3B+ville+TRAPPES%3B+ing%C3%A9nieur+R%26D%2C+dispositif+m%C3%A9dical%2C+innovation+m%C3%A9dicale&aroundQuery=France,"source entreprises.csv, Dispositifs médicaux, ville TRAPPES, ingénieur R&D, dispositif médical, innovation médicale, ville Voisins Le Bretonneux",from_uploaded_csv,"Entreprise issue du fichier entreprises.csv, ajoutée avec recherches job boards faute de page carrière officielle vérifiée.",2026-05-29
yes,BIOSERENITY MEDICAL SERVICES GROUP,entreprise,France,,,,,,,,,,,https://www.linkedin.com/jobs/search/?keywords=BIOSERENITY+MEDICAL+SERVICES+GROUP+source+entreprises.csv%3B+Dispositifs+m%C3%A9dicaux%3B+ville+PARIS%3B+ing%C3%A9nieur+R%26D%2C+dispositif+m%C3%A9dical%2C+innovation+m%C3%A9dicale&location=France%20Suisse,https://www.hellowork.com/fr-fr/emploi/recherche.html?k=BIOSERENITY+MEDICAL+SERVICES+GROUP+source+entreprises.csv%3B+Dispositifs+m%C3%A9dicaux%3B+ville+PARIS%3B+ing%C3%A9nieur+R%26D%2C+dispositif+m%C3%A9dical%2C+innovation+m%C3%A9dicale&l=France,https://fr.indeed.com/jobs?q=BIOSERENITY+MEDICAL+SERVICES+GROUP+source+entreprises.csv%3B+Dispositifs+m%C3%A9dicaux%3B+ville+PARIS%3B+ing%C3%A9nieur+R%26D%2C+dispositif+m%C3%A9dical%2C+innovation+m%C3%A9dicale&l=France%20Suisse,https://www.welcometothejungle.com/fr/jobs?query=BIOSERENITY+MEDICAL+SERVICES+GROUP+source+entreprises.csv%3B+Dispositifs+m%C3%A9dicaux%3B+ville+PARIS%3B+ing%C3%A9nieur+R%26D%2C+dispositif+m%C3%A9dical%2C+innovation+m%C3%A9dicale&aroundQuery=France,"source entreprises.csv; Dispositifs médicaux; ville PARIS; ingénieur R&D, dispositif médical, innovation médicale",from_uploaded_csv,"Entreprise issue du fichier entreprises.csv, ajoutée avec recherches job boards faute de page carrière officielle vérifiée.",2026-05-29
yes,INSPIRE MEDICAL SYSTEMS FRANCE SAS,entreprise,France,,,,,,,,,,,https://www.linkedin.com/jobs/search/?keywords=INSPIRE+MEDICAL+SYSTEMS+FRANCE+SAS+source+entreprises.csv%3B+Dispositifs+m%C3%A9dicaux%3B+ville+PARIS%3B+ing%C3%A9nieur+R%26D%2C+dispositif+m%C3%A9dical%2C+innovation+m%C3%A9dicale&location=France%20Suisse,https://www.hellowork.com/fr-fr/emploi/recherche.html?k=INSPIRE+MEDICAL+SYSTEMS+FRANCE+SAS+source+entreprises.csv%3B+Dispositifs+m%C3%A9dicaux%3B+ville+PARIS%3B+ing%C3%A9nieur+R%26D%2C+dispositif+m%C3%A9dical%2C+innovation+m%C3%A9dicale&l=France,https://fr.indeed.com/jobs?q=INSPIRE+MEDICAL+SYSTEMS+FRANCE+SAS+source+entreprises.csv%3B+Dispositifs+m%C3%A9dicaux%3B+ville+PARIS%3B+ing%C3%A9nieur+R%26D%2C+dispositif+m%C3%A9dical%2C+innovation+m%C3%A9dicale&l=France%20Suisse,https://www.welcometothejungle.com/fr/jobs?query=INSPIRE+MEDICAL+SYSTEMS+FRANCE+SAS+source+entreprises.csv%3B+Dispositifs+m%C3%A9dicaux%3B+ville+PARIS%3B+ing%C3%A9nieur+R%26D%2C+dispositif+m%C3%A9dical%2C+innovation+m%C3%A9dicale&aroundQuery=France,"source entreprises.csv; Dispositifs médicaux; ville PARIS; ingénieur R&D, dispositif médical, innovation médicale",from_uploaded_csv,"Entreprise issue du fichier entreprises.csv, ajoutée avec recherches job boards faute de page carrière officielle vérifiée.",2026-05-29
yes,THERYQ,entreprise,France,,,,,,,,,,,https://www.linkedin.com/jobs/search/?keywords=THERYQ+source+entreprises.csv%3B+Dispositifs+m%C3%A9dicaux%3B+ville+PARIS%3B+ing%C3%A9nieur+R%26D%2C+dispositif+m%C3%A9dical%2C+innovation+m%C3%A9dicale&location=France%20Suisse,https://www.hellowork.com/fr-fr/emploi/recherche.html?k=THERYQ+source+entreprises.csv%3B+Dispositifs+m%C3%A9dicaux%3B+ville+PARIS%3B+ing%C3%A9nieur+R%26D%2C+dispositif+m%C3%A9dical%2C+innovation+m%C3%A9dicale&l=France,https://fr.indeed.com/jobs?q=THERYQ+source+entreprises.csv%3B+Dispositifs+m%C3%A9dicaux%3B+ville+PARIS%3B+ing%C3%A9nieur+R%26D%2C+dispositif+m%C3%A9dical%2C+innovation+m%C3%A9dicale&l=France%20Suisse,https://www.welcometothejungle.com/fr/jobs?query=THERYQ+source+entreprises.csv%3B+Dispositifs+m%C3%A9dicaux%3B+ville+PARIS%3B+ing%C3%A9nieur+R%26D%2C+dispositif+m%C3%A9dical%2C+innovation+m%C3%A9dicale&aroundQuery=France,"source entreprises.csv; Dispositifs médicaux; ville PARIS; ingénieur R&D, dispositif médical, innovation médicale",from_uploaded_csv,"Entreprise issue du fichier entreprises.csv, ajoutée avec recherches job boards faute de page carrière officielle vérifiée.",2026-05-29
yes,3SHAPE FRANCE SAS,entreprise,France,,,,,,,,,,,https://www.linkedin.com/jobs/search/?keywords=3SHAPE+FRANCE+SAS+source+entreprises.csv%3B+Dispositifs+m%C3%A9dicaux%3B+ville+PARIS%3B+ing%C3%A9nieur+R%26D%2C+dispositif+m%C3%A9dical%2C+innovation+m%C3%A9dicale&location=France%20Suisse,https://www.hellowork.com/fr-fr/emploi/recherche.html?k=3SHAPE+FRANCE+SAS+source+entreprises.csv%3B+Dispositifs+m%C3%A9dicaux%3B+ville+PARIS%3B+ing%C3%A9nieur+R%26D%2C+dispositif+m%C3%A9dical%2C+innovation+m%C3%A9dicale&l=France,https://fr.indeed.com/jobs?q=3SHAPE+FRANCE+SAS+source+entreprises.csv%3B+Dispositifs+m%C3%A9dicaux%3B+ville+PARIS%3B+ing%C3%A9nieur+R%26D%2C+dispositif+m%C3%A9dical%2C+innovation+m%C3%A9dicale&l=France%20Suisse,https://www.welcometothejungle.com/fr/jobs?query=3SHAPE+FRANCE+SAS+source+entreprises.csv%3B+Dispositifs+m%C3%A9dicaux%3B+ville+PARIS%3B+ing%C3%A9nieur+R%26D%2C+dispositif+m%C3%A9dical%2C+innovation+m%C3%A9dicale&aroundQuery=France,"source entreprises.csv; Dispositifs médicaux; ville PARIS; ingénieur R&D, dispositif médical, innovation médicale",from_uploaded_csv,"Entreprise issue du fichier entreprises.csv, ajoutée avec recherches job boards faute de page carrière officielle vérifiée.",2026-05-29
yes,VANTIVE S.A.S.,entreprise,France,,,,,,,,,,,https://www.linkedin.com/jobs/search/?keywords=VANTIVE+S.A.S.+source+entreprises.csv%3B+M%C3%A9dicaments+humains%2CDispositifs+m%C3%A9dicaux%3B+ville+GUYANCOURT%3B+ing%C3%A9nieur+R%26D%2C+dispositif+m%C3%A9dical%2C+innovation+m%C3%A9dicale&location=France%20Suisse,https://www.hellowork.com/fr-fr/emploi/recherche.html?k=VANTIVE+S.A.S.+source+entreprises.csv%3B+M%C3%A9dicaments+humains%2CDispositifs+m%C3%A9dicaux%3B+ville+GUYANCOURT%3B+ing%C3%A9nieur+R%26D%2C+dispositif+m%C3%A9dical%2C+innovation+m%C3%A9dicale&l=France,https://fr.indeed.com/jobs?q=VANTIVE+S.A.S.+source+entreprises.csv%3B+M%C3%A9dicaments+humains%2CDispositifs+m%C3%A9dicaux%3B+ville+GUYANCOURT%3B+ing%C3%A9nieur+R%26D%2C+dispositif+m%C3%A9dical%2C+innovation+m%C3%A9dicale&l=France%20Suisse,https://www.welcometothejungle.com/fr/jobs?query=VANTIVE+S.A.S.+source+entreprises.csv%3B+M%C3%A9dicaments+humains%2CDispositifs+m%C3%A9dicaux%3B+ville+GUYANCOURT%3B+ing%C3%A9nieur+R%26D%2C+dispositif+m%C3%A9dical%2C+innovation+m%C3%A9dicale&aroundQuery=France,"source entreprises.csv; Médicaments humains,Dispositifs médicaux; ville GUYANCOURT; ingénieur R&D, dispositif médical, innovation médicale",from_uploaded_csv,"Entreprise issue du fichier entreprises.csv, ajoutée avec recherches job boards faute de page carrière officielle vérifiée.",2026-05-29
yes,OWANDY RADIOLOGY,entreprise,France,,,,,,,,,,,https://www.linkedin.com/jobs/search/?keywords=OWANDY+RADIOLOGY+source+entreprises.csv%3B+Dispositifs+m%C3%A9dicaux%3B+ville+CROISSY-BEAUBOURG%3B+ing%C3%A9nieur+R%26D%2C+dispositif+m%C3%A9dical%2C+innovation+m%C3%A9dicale&location=France%20Suisse,https://www.hellowork.com/fr-fr/emploi/recherche.html?k=OWANDY+RADIOLOGY+source+entreprises.csv%3B+Dispositifs+m%C3%A9dicaux%3B+ville+CROISSY-BEAUBOURG%3B+ing%C3%A9nieur+R%26D%2C+dispositif+m%C3%A9dical%2C+innovation+m%C3%A9dicale&l=France,https://fr.indeed.com/jobs?q=OWANDY+RADIOLOGY+source+entreprises.csv%3B+Dispositifs+m%C3%A9dicaux%3B+ville+CROISSY-BEAUBOURG%3B+ing%C3%A9nieur+R%26D%2C+dispositif+m%C3%A9dical%2C+innovation+m%C3%A9dicale&l=France%20Suisse,https://www.welcometothejungle.com/fr/jobs?query=OWANDY+RADIOLOGY+source+entreprises.csv%3B+Dispositifs+m%C3%A9dicaux%3B+ville+CROISSY-BEAUBOURG%3B+ing%C3%A9nieur+R%26D%2C+dispositif+m%C3%A9dical%2C+innovation+m%C3%A9dicale&aroundQuery=France,"source entreprises.csv; Dispositifs médicaux; ville CROISSY-BEAUBOURG; ingénieur R&D, dispositif médical, innovation médicale",from_uploaded_csv,"Entreprise issue du fichier entreprises.csv, ajoutée avec recherches job boards faute de page carrière officielle vérifiée.",2026-05-29
yes,NOVA BIOMEDICAL FRANCE,entreprise,France,,,,,,,,,,,https://www.linkedin.com/jobs/search/?keywords=NOVA+BIOMEDICAL+FRANCE+source+entreprises.csv%3B+Dispositifs+m%C3%A9dicaux+de+diagnostic+in+vitro%2CDispositifs+m%C3%A9dicaux%2CAutres%3B+ville+LES+ULIS%3B+ing%C3%A9nieur+R%26D%2C+dispositif+m%C3%A9dical%2C+innovation+m%C3%A9dicale&location=France%20Suisse,https://www.hellowork.com/fr-fr/emploi/recherche.html?k=NOVA+BIOMEDICAL+FRANCE+source+entreprises.csv%3B+Dispositifs+m%C3%A9dicaux+de+diagnostic+in+vitro%2CDispositifs+m%C3%A9dicaux%2CAutres%3B+ville+LES+ULIS%3B+ing%C3%A9nieur+R%26D%2C+dispositif+m%C3%A9dical%2C+innovation+m%C3%A9dicale&l=France,https://fr.indeed.com/jobs?q=NOVA+BIOMEDICAL+FRANCE+source+entreprises.csv%3B+Dispositifs+m%C3%A9dicaux+de+diagnostic+in+vitro%2CDispositifs+m%C3%A9dicaux%2CAutres%3B+ville+LES+ULIS%3B+ing%C3%A9nieur+R%26D%2C+dispositif+m%C3%A9dical%2C+innovation+m%C3%A9dicale&l=France%20Suisse,https://www.welcometothejungle.com/fr/jobs?query=NOVA+BIOMEDICAL+FRANCE+source+entreprises.csv%3B+Dispositifs+m%C3%A9dicaux+de+diagnostic+in+vitro%2CDispositifs+m%C3%A9dicaux%2CAutres%3B+ville+LES+ULIS%3B+ing%C3%A9nieur+R%26D%2C+dispositif+m%C3%A9dical%2C+innovation+m%C3%A9dicale&aroundQuery=France,"source entreprises.csv; Dispositifs médicaux de diagnostic in vitro,Dispositifs médicaux,Autres; ville LES ULIS; ingénieur R&D, dispositif médical, innovation médicale",from_uploaded_csv,"Entreprise issue du fichier entreprises.csv, ajoutée avec recherches job boards faute de page carrière officielle vérifiée.",2026-05-29
yes,ECHOVITALIS,entreprise,France,,,,,,,,,,,https://www.linkedin.com/jobs/search/?keywords=ECHOVITALIS+source+entreprises.csv%3B+Dispositifs+m%C3%A9dicaux%3B+ville+ANTONY%3B+ing%C3%A9nieur+R%26D%2C+dispositif+m%C3%A9dical%2C+innovation+m%C3%A9dicale&location=France%20Suisse,https://www.hellowork.com/fr-fr/emploi/recherche.html?k=ECHOVITALIS+source+entreprises.csv%3B+Dispositifs+m%C3%A9dicaux%3B+ville+ANTONY%3B+ing%C3%A9nieur+R%26D%2C+dispositif+m%C3%A9dical%2C+innovation+m%C3%A9dicale&l=France,https://fr.indeed.com/jobs?q=ECHOVITALIS+source+entreprises.csv%3B+Dispositifs+m%C3%A9dicaux%3B+ville+ANTONY%3B+ing%C3%A9nieur+R%26D%2C+dispositif+m%C3%A9dical%2C+innovation+m%C3%A9dicale&l=France%20Suisse,https://www.welcometothejungle.com/fr/jobs?query=ECHOVITALIS+source+entreprises.csv%3B+Dispositifs+m%C3%A9dicaux%3B+ville+ANTONY%3B+ing%C3%A9nieur+R%26D%2C+dispositif+m%C3%A9dical%2C+innovation+m%C3%A9dicale&aroundQuery=France,"source entreprises.csv; Dispositifs médicaux; ville ANTONY; ingénieur R&D, dispositif médical, innovation médicale",from_uploaded_csv,"Entreprise issue du fichier entreprises.csv, ajoutée avec recherches job boards faute de page carrière officielle vérifiée.",2026-05-29
yes,COLLIN MEDICAL,entreprise,France,,,,,,,,,,,https://www.linkedin.com/jobs/search/?keywords=COLLIN+MEDICAL+source+entreprises.csv%3B+Dispositifs+m%C3%A9dicaux%3B+ville+BAGNEUX%3B+ing%C3%A9nieur+R%26D%2C+dispositif+m%C3%A9dical%2C+innovation+m%C3%A9dicale&location=France%20Suisse,https://www.hellowork.com/fr-fr/emploi/recherche.html?k=COLLIN+MEDICAL+source+entreprises.csv%3B+Dispositifs+m%C3%A9dicaux%3B+ville+BAGNEUX%3B+ing%C3%A9nieur+R%26D%2C+dispositif+m%C3%A9dical%2C+innovation+m%C3%A9dicale&l=France,https://fr.indeed.com/jobs?q=COLLIN+MEDICAL+source+entreprises.csv%3B+Dispositifs+m%C3%A9dicaux%3B+ville+BAGNEUX%3B+ing%C3%A9nieur+R%26D%2C+dispositif+m%C3%A9dical%2C+innovation+m%C3%A9dicale&l=France%20Suisse,https://www.welcometothejungle.com/fr/jobs?query=COLLIN+MEDICAL+source+entreprises.csv%3B+Dispositifs+m%C3%A9dicaux%3B+ville+BAGNEUX%3B+ing%C3%A9nieur+R%26D%2C+dispositif+m%C3%A9dical%2C+innovation+m%C3%A9dicale&aroundQuery=France,"source entreprises.csv; Dispositifs médicaux; ville BAGNEUX; ingénieur R&D, dispositif médical, innovation médicale",from_uploaded_csv,"Entreprise issue du fichier entreprises.csv, ajoutée avec recherches job boards faute de page carrière officielle vérifiée.",2026-05-29
yes,SIEMENS HEALTHCARE SAS,entreprise,France,,,,,,,,,,,https://www.linkedin.com/jobs/search/?keywords=SIEMENS+HEALTHCARE+SAS+source+entreprises.csv%3B+Dispositifs+m%C3%A9dicaux%3B+ville+COURBEVOIE%3B+ing%C3%A9nieur+R%26D%2C+dispositif+m%C3%A9dical%2C+innovation+m%C3%A9dicale&location=France%20Suisse,https://www.hellowork.com/fr-fr/emploi/recherche.html?k=SIEMENS+HEALTHCARE+SAS+source+entreprises.csv%3B+Dispositifs+m%C3%A9dicaux%3B+ville+COURBEVOIE%3B+ing%C3%A9nieur+R%26D%2C+dispositif+m%C3%A9dical%2C+innovation+m%C3%A9dicale&l=France,https://fr.indeed.com/jobs?q=SIEMENS+HEALTHCARE+SAS+source+entreprises.csv%3B+Dispositifs+m%C3%A9dicaux%3B+ville+COURBEVOIE%3B+ing%C3%A9nieur+R%26D%2C+dispositif+m%C3%A9dical%2C+innovation+m%C3%A9dicale&l=France%20Suisse,https://www.welcometothejungle.com/fr/jobs?query=SIEMENS+HEALTHCARE+SAS+source+entreprises.csv%3B+Dispositifs+m%C3%A9dicaux%3B+ville+COURBEVOIE%3B+ing%C3%A9nieur+R%26D%2C+dispositif+m%C3%A9dical%2C+innovation+m%C3%A9dicale&aroundQuery=France,"source entreprises.csv, Dispositifs médicaux, ville COURBEVOIE, ingénieur R&D, dispositif médical, innovation médicale, ville Saint-Denis",from_uploaded_csv,"Entreprise issue du fichier entreprises.csv, ajoutée avec recherches job boards faute de page carrière officielle vérifiée.",2026-05-29
yes,PHILIPS FRANCE COMMERCIAL,entreprise,France,,,,,,,,,,,https://www.linkedin.com/jobs/search/?keywords=PHILIPS+FRANCE+COMMERCIAL+source+entreprises.csv%3B+Dispositifs+m%C3%A9dicaux%3B+ville+SURESNES%3B+ing%C3%A9nieur+R%26D%2C+dispositif+m%C3%A9dical%2C+innovation+m%C3%A9dicale&location=France%20Suisse,https://www.hellowork.com/fr-fr/emploi/recherche.html?k=PHILIPS+FRANCE+COMMERCIAL+source+entreprises.csv%3B+Dispositifs+m%C3%A9dicaux%3B+ville+SURESNES%3B+ing%C3%A9nieur+R%26D%2C+dispositif+m%C3%A9dical%2C+innovation+m%C3%A9dicale&l=France,https://fr.indeed.com/jobs?q=PHILIPS+FRANCE+COMMERCIAL+source+entreprises.csv%3B+Dispositifs+m%C3%A9dicaux%3B+ville+SURESNES%3B+ing%C3%A9nieur+R%26D%2C+dispositif+m%C3%A9dical%2C+innovation+m%C3%A9dicale&l=France%20Suisse,https://www.welcometothejungle.com/fr/jobs?query=PHILIPS+FRANCE+COMMERCIAL+source+entreprises.csv%3B+Dispositifs+m%C3%A9dicaux%3B+ville+SURESNES%3B+ing%C3%A9nieur+R%26D%2C+dispositif+m%C3%A9dical%2C+innovation+m%C3%A9dicale&aroundQuery=France,"source entreprises.csv, Dispositifs médicaux, ville SURESNES, ingénieur R&D, dispositif médical, innovation médicale, ville Suresnes",from_uploaded_csv,"Entreprise issue du fichier entreprises.csv, ajoutée avec recherches job boards faute de page carrière officielle vérifiée.",2026-05-29
yes,MICROPORT SCIENTIFIC,entreprise,France,,,,,,,,,,,https://www.linkedin.com/jobs/search/?keywords=MICROPORT+SCIENTIFIC+source+entreprises.csv%3B+Dispositifs+m%C3%A9dicaux%3B+ville+PARIS%3B+ing%C3%A9nieur+R%26D%2C+dispositif+m%C3%A9dical%2C+innovation+m%C3%A9dicale&location=France%20Suisse,https://www.hellowork.com/fr-fr/emploi/recherche.html?k=MICROPORT+SCIENTIFIC+source+entreprises.csv%3B+Dispositifs+m%C3%A9dicaux%3B+ville+PARIS%3B+ing%C3%A9nieur+R%26D%2C+dispositif+m%C3%A9dical%2C+innovation+m%C3%A9dicale&l=France,https://fr.indeed.com/jobs?q=MICROPORT+SCIENTIFIC+source+entreprises.csv%3B+Dispositifs+m%C3%A9dicaux%3B+ville+PARIS%3B+ing%C3%A9nieur+R%26D%2C+dispositif+m%C3%A9dical%2C+innovation+m%C3%A9dicale&l=France%20Suisse,https://www.welcometothejungle.com/fr/jobs?query=MICROPORT+SCIENTIFIC+source+entreprises.csv%3B+Dispositifs+m%C3%A9dicaux%3B+ville+PARIS%3B+ing%C3%A9nieur+R%26D%2C+dispositif+m%C3%A9dical%2C+innovation+m%C3%A9dicale&aroundQuery=France,"source entreprises.csv; Dispositifs médicaux; ville PARIS; ingénieur R&D, dispositif médical, innovation médicale",from_uploaded_csv,"Entreprise issue du fichier entreprises.csv, ajoutée avec recherches job boards faute de page carrière officielle vérifiée.",2026-05-29
yes,MEDTRONIC FRANCE S.A.S,entreprise,France,,,,,,,,,,,https://www.linkedin.com/jobs/search/?keywords=MEDTRONIC+FRANCE+S.A.S+source+entreprises.csv%3B+Dispositifs+m%C3%A9dicaux%3B+ville+Boulogne-Billancourt%3B+ing%C3%A9nieur+R%26D%2C+dispositif+m%C3%A9dical%2C+innovation+m%C3%A9dicale&location=France%20Suisse,https://www.hellowork.com/fr-fr/emploi/recherche.html?k=MEDTRONIC+FRANCE+S.A.S+source+entreprises.csv%3B+Dispositifs+m%C3%A9dicaux%3B+ville+Boulogne-Billancourt%3B+ing%C3%A9nieur+R%26D%2C+dispositif+m%C3%A9dical%2C+innovation+m%C3%A9dicale&l=France,https://fr.indeed.com/jobs?q=MEDTRONIC+FRANCE+S.A.S+source+entreprises.csv%3B+Dispositifs+m%C3%A9dicaux%3B+ville+Boulogne-Billancourt%3B+ing%C3%A9nieur+R%26D%2C+dispositif+m%C3%A9dical%2C+innovation+m%C3%A9dicale&l=France%20Suisse,https://www.welcometothejungle.com/fr/jobs?query=MEDTRONIC+FRANCE+S.A.S+source+entreprises.csv%3B+Dispositifs+m%C3%A9dicaux%3B+ville+Boulogne-Billancourt%3B+ing%C3%A9nieur+R%26D%2C+dispositif+m%C3%A9dical%2C+innovation+m%C3%A9dicale&aroundQuery=France,"source entreprises.csv; Dispositifs médicaux; ville Boulogne-Billancourt; ingénieur R&D, dispositif médical, innovation médicale",from_uploaded_csv,"Entreprise issue du fichier entreprises.csv, ajoutée avec recherches job boards faute de page carrière officielle vérifiée.",2026-05-29
yes,WELLSPECT HEALTHCARE,entreprise,France,,,,,,,,,,,https://www.linkedin.com/jobs/search/?keywords=WELLSPECT+HEALTHCARE+source+entreprises.csv%3B+Dispositifs+m%C3%A9dicaux%3B+ville+Rueil+Malmaison%3B+ing%C3%A9nieur+R%26D%2C+dispositif+m%C3%A9dical%2C+innovation+m%C3%A9dicale&location=France%20Suisse,https://www.hellowork.com/fr-fr/emploi/recherche.html?k=WELLSPECT+HEALTHCARE+source+entreprises.csv%3B+Dispositifs+m%C3%A9dicaux%3B+ville+Rueil+Malmaison%3B+ing%C3%A9nieur+R%26D%2C+dispositif+m%C3%A9dical%2C+innovation+m%C3%A9dicale&l=France,https://fr.indeed.com/jobs?q=WELLSPECT+HEALTHCARE+source+entreprises.csv%3B+Dispositifs+m%C3%A9dicaux%3B+ville+Rueil+Malmaison%3B+ing%C3%A9nieur+R%26D%2C+dispositif+m%C3%A9dical%2C+innovation+m%C3%A9dicale&l=France%20Suisse,https://www.welcometothejungle.com/fr/jobs?query=WELLSPECT+HEALTHCARE+source+entreprises.csv%3B+Dispositifs+m%C3%A9dicaux%3B+ville+Rueil+Malmaison%3B+ing%C3%A9nieur+R%26D%2C+dispositif+m%C3%A9dical%2C+innovation+m%C3%A9dicale&aroundQuery=France,"source entreprises.csv; Dispositifs médicaux; ville Rueil Malmaison; ingénieur R&D, dispositif médical, innovation médicale",from_uploaded_csv,"Entreprise issue du fichier entreprises.csv, ajoutée avec recherches job boards faute de page carrière officielle vérifiée.",2026-05-29
yes,MICROPORT ORTHOPEDICS,entreprise,France,,,,,,,,,,,https://www.linkedin.com/jobs/search/?keywords=MICROPORT+ORTHOPEDICS+source+entreprises.csv%3B+Dispositifs+m%C3%A9dicaux%3B+ville+PARIS%3B+ing%C3%A9nieur+R%26D%2C+dispositif+m%C3%A9dical%2C+innovation+m%C3%A9dicale&location=France%20Suisse,https://www.hellowork.com/fr-fr/emploi/recherche.html?k=MICROPORT+ORTHOPEDICS+source+entreprises.csv%3B+Dispositifs+m%C3%A9dicaux%3B+ville+PARIS%3B+ing%C3%A9nieur+R%26D%2C+dispositif+m%C3%A9dical%2C+innovation+m%C3%A9dicale&l=France,https://fr.indeed.com/jobs?q=MICROPORT+ORTHOPEDICS+source+entreprises.csv%3B+Dispositifs+m%C3%A9dicaux%3B+ville+PARIS%3B+ing%C3%A9nieur+R%26D%2C+dispositif+m%C3%A9dical%2C+innovation+m%C3%A9dicale&l=France%20Suisse,https://www.welcometothejungle.com/fr/jobs?query=MICROPORT+ORTHOPEDICS+source+entreprises.csv%3B+Dispositifs+m%C3%A9dicaux%3B+ville+PARIS%3B+ing%C3%A9nieur+R%26D%2C+dispositif+m%C3%A9dical%2C+innovation+m%C3%A9dicale&aroundQuery=France,"source entreprises.csv; Dispositifs médicaux; ville PARIS; ingénieur R&D, dispositif médical, innovation médicale",from_uploaded_csv,"Entreprise issue du fichier entreprises.csv, ajoutée avec recherches job boards faute de page carrière officielle vérifiée.",2026-05-29
yes,BALT EXTRUSION SAS,entreprise,France,,,,,,,,,,,https://www.linkedin.com/jobs/search/?keywords=BALT+EXTRUSION+SAS+source+entreprises.csv%3B+Dispositifs+m%C3%A9dicaux%3B+ville+MONTMORENCY%3B+ing%C3%A9nieur+R%26D%2C+dispositif+m%C3%A9dical%2C+innovation+m%C3%A9dicale&location=France%20Suisse,https://www.hellowork.com/fr-fr/emploi/recherche.html?k=BALT+EXTRUSION+SAS+source+entreprises.csv%3B+Dispositifs+m%C3%A9dicaux%3B+ville+MONTMORENCY%3B+ing%C3%A9nieur+R%26D%2C+dispositif+m%C3%A9dical%2C+innovation+m%C3%A9dicale&l=France,https://fr.indeed.com/jobs?q=BALT+EXTRUSION+SAS+source+entreprises.csv%3B+Dispositifs+m%C3%A9dicaux%3B+ville+MONTMORENCY%3B+ing%C3%A9nieur+R%26D%2C+dispositif+m%C3%A9dical%2C+innovation+m%C3%A9dicale&l=France%20Suisse,https://www.welcometothejungle.com/fr/jobs?query=BALT+EXTRUSION+SAS+source+entreprises.csv%3B+Dispositifs+m%C3%A9dicaux%3B+ville+MONTMORENCY%3B+ing%C3%A9nieur+R%26D%2C+dispositif+m%C3%A9dical%2C+innovation+m%C3%A9dicale&aroundQuery=France,"source entreprises.csv; Dispositifs médicaux; ville MONTMORENCY; ingénieur R&D, dispositif médical, innovation médicale",from_uploaded_csv,"Entreprise issue du fichier entreprises.csv, ajoutée avec recherches job boards faute de page carrière officielle vérifiée.",2026-05-29
yes,BIOSERENITY,entreprise,France,,,,,,,,,,,https://www.linkedin.com/jobs/search/?keywords=BIOSERENITY+source+entreprises.csv%3B+Dispositifs+m%C3%A9dicaux%3B+ville+Paris%3B+ing%C3%A9nieur+R%26D%2C+dispositif+m%C3%A9dical%2C+innovation+m%C3%A9dicale&location=France%20Suisse,https://www.hellowork.com/fr-fr/emploi/recherche.html?k=BIOSERENITY+source+entreprises.csv%3B+Dispositifs+m%C3%A9dicaux%3B+ville+Paris%3B+ing%C3%A9nieur+R%26D%2C+dispositif+m%C3%A9dical%2C+innovation+m%C3%A9dicale&l=France,https://fr.indeed.com/jobs?q=BIOSERENITY+source+entreprises.csv%3B+Dispositifs+m%C3%A9dicaux%3B+ville+Paris%3B+ing%C3%A9nieur+R%26D%2C+dispositif+m%C3%A9dical%2C+innovation+m%C3%A9dicale&l=France%20Suisse,https://www.welcometothejungle.com/fr/jobs?query=BIOSERENITY+source+entreprises.csv%3B+Dispositifs+m%C3%A9dicaux%3B+ville+Paris%3B+ing%C3%A9nieur+R%26D%2C+dispositif+m%C3%A9dical%2C+innovation+m%C3%A9dicale&aroundQuery=France,"source entreprises.csv; Dispositifs médicaux; ville Paris; ingénieur R&D, dispositif médical, innovation médicale",from_uploaded_csv,"Entreprise issue du fichier entreprises.csv, ajoutée avec recherches job boards faute de page carrière officielle vérifiée.",2026-05-29
yes,FUJIFILM SONOSITE FRANCE SARL,entreprise,France,,,,,,,,,,,https://www.linkedin.com/jobs/search/?keywords=FUJIFILM+SONOSITE+FRANCE+SARL+source+entreprises.csv%3B+Dispositifs+m%C3%A9dicaux%3B+ville+Paris%3B+ing%C3%A9nieur+R%26D%2C+dispositif+m%C3%A9dical%2C+innovation+m%C3%A9dicale&location=France%20Suisse,https://www.hellowork.com/fr-fr/emploi/recherche.html?k=FUJIFILM+SONOSITE+FRANCE+SARL+source+entreprises.csv%3B+Dispositifs+m%C3%A9dicaux%3B+ville+Paris%3B+ing%C3%A9nieur+R%26D%2C+dispositif+m%C3%A9dical%2C+innovation+m%C3%A9dicale&l=France,https://fr.indeed.com/jobs?q=FUJIFILM+SONOSITE+FRANCE+SARL+source+entreprises.csv%3B+Dispositifs+m%C3%A9dicaux%3B+ville+Paris%3B+ing%C3%A9nieur+R%26D%2C+dispositif+m%C3%A9dical%2C+innovation+m%C3%A9dicale&l=France%20Suisse,https://www.welcometothejungle.com/fr/jobs?query=FUJIFILM+SONOSITE+FRANCE+SARL+source+entreprises.csv%3B+Dispositifs+m%C3%A9dicaux%3B+ville+Paris%3B+ing%C3%A9nieur+R%26D%2C+dispositif+m%C3%A9dical%2C+innovation+m%C3%A9dicale&aroundQuery=France,"source entreprises.csv; Dispositifs médicaux; ville Paris; ingénieur R&D, dispositif médical, innovation médicale",from_uploaded_csv,"Entreprise issue du fichier entreprises.csv, ajoutée avec recherches job boards faute de page carrière officielle vérifiée.",2026-05-29
yes,Recherche marché - ingénieur R&D imagerie médicale,job_board_search,France OR Suisse OR Switzerland,,,,,,,,,,,https://www.linkedin.com/jobs/search/?keywords=ing%C3%A9nieur+R%26D+imagerie+m%C3%A9dicale&location=France%20Suisse,https://www.hellowork.com/fr-fr/emploi/recherche.html?k=ing%C3%A9nieur+R%26D+imagerie+m%C3%A9dicale&l=France,https://fr.indeed.com/jobs?q=ing%C3%A9nieur+R%26D+imagerie+m%C3%A9dicale&l=France%20Suisse,https://www.welcometothejungle.com/fr/jobs?query=ing%C3%A9nieur+R%26D+imagerie+m%C3%A9dicale&aroundQuery=France,ingénieur R&D imagerie médicale,generic_marketplace_search,"Recherche non ciblée entreprise/labo sur LinkedIn, Indeed, HelloWork et Welcome to the Jungle.",2026-05-29
yes,Recherche marché - ingénieur logiciel scientifique santé,job_board_search,France OR Suisse OR Switzerland,,,,,,,,,,,https://www.linkedin.com/jobs/search/?keywords=ing%C3%A9nieur+logiciel+scientifique+sant%C3%A9&location=France%20Suisse,https://www.hellowork.com/fr-fr/emploi/recherche.html?k=ing%C3%A9nieur+logiciel+scientifique+sant%C3%A9&l=France,https://fr.indeed.com/jobs?q=ing%C3%A9nieur+logiciel+scientifique+sant%C3%A9&l=France%20Suisse,https://www.welcometothejungle.com/fr/jobs?query=ing%C3%A9nieur+logiciel+scientifique+sant%C3%A9&aroundQuery=France,ingénieur logiciel scientifique santé,generic_marketplace_search,"Recherche non ciblée entreprise/labo sur LinkedIn, Indeed, HelloWork et Welcome to the Jungle.",2026-05-29
yes,Recherche marché - ingénieur traitement images médicales,job_board_search,France OR Suisse OR Switzerland,,,,,,,,,,,https://www.linkedin.com/jobs/search/?keywords=ing%C3%A9nieur+traitement+images+m%C3%A9dicales&location=France%20Suisse,https://www.hellowork.com/fr-fr/emploi/recherche.html?k=ing%C3%A9nieur+traitement+images+m%C3%A9dicales&l=France,https://fr.indeed.com/jobs?q=ing%C3%A9nieur+traitement+images+m%C3%A9dicales&l=France%20Suisse,https://www.welcometothejungle.com/fr/jobs?query=ing%C3%A9nieur+traitement+images+m%C3%A9dicales&aroundQuery=France,ingénieur traitement images médicales,generic_marketplace_search,"Recherche non ciblée entreprise/labo sur LinkedIn, Indeed, HelloWork et Welcome to the Jungle.",2026-05-29
yes,Recherche marché - ingénieur biomédical innovation médicale,job_board_search,France OR Suisse OR Switzerland,,,,,,,,,,,https://www.linkedin.com/jobs/search/?keywords=ing%C3%A9nieur+biom%C3%A9dical+innovation+m%C3%A9dicale&location=France%20Suisse,https://www.hellowork.com/fr-fr/emploi/recherche.html?k=ing%C3%A9nieur+biom%C3%A9dical+innovation+m%C3%A9dicale&l=France,https://fr.indeed.com/jobs?q=ing%C3%A9nieur+biom%C3%A9dical+innovation+m%C3%A9dicale&l=France%20Suisse,https://www.welcometothejungle.com/fr/jobs?query=ing%C3%A9nieur+biom%C3%A9dical+innovation+m%C3%A9dicale&aroundQuery=France,ingénieur biomédical innovation médicale,generic_marketplace_search,"Recherche non ciblée entreprise/labo sur LinkedIn, Indeed, HelloWork et Welcome to the Jungle.",2026-05-29
yes,Recherche marché - research engineer medical imaging,job_board_search,France OR Suisse OR Switzerland,,,,,,,,,,,https://www.linkedin.com/jobs/search/?keywords=research+engineer+medical+imaging&location=France%20Suisse,https://www.hellowork.com/fr-fr/emploi/recherche.html?k=research+engineer+medical+imaging&l=France,https://fr.indeed.com/jobs?q=research+engineer+medical+imaging&l=France%20Suisse,https://www.welcometothejungle.com/fr/jobs?query=research+engineer+medical+imaging&aroundQuery=France,research engineer medical imaging,generic_marketplace_search,"Recherche non ciblée entreprise/labo sur LinkedIn, Indeed, HelloWork et Welcome to the Jungle.",2026-05-29
yes,Recherche marché - medical imaging engineer,job_board_search,France OR Suisse OR Switzerland,,,,,,,,,,,https://www.linkedin.com/jobs/search/?keywords=medical+imaging+engineer&location=France%20Suisse,https://www.hellowork.com/fr-fr/emploi/recherche.html?k=medical+imaging+engineer&l=France,https://fr.indeed.com/jobs?q=medical+imaging+engineer&l=France%20Suisse,https://www.welcometothejungle.com/fr/jobs?query=medical+imaging+engineer&aroundQuery=France,medical imaging engineer,generic_marketplace_search,"Recherche non ciblée entreprise/labo sur LinkedIn, Indeed, HelloWork et Welcome to the Jungle.",2026-05-29
yes,Recherche marché - ingénieur dispositifs médicaux validation,job_board_search,France OR Suisse OR Switzerland,,,,,,,,,,,https://www.linkedin.com/jobs/search/?keywords=ing%C3%A9nieur+dispositifs+m%C3%A9dicaux+validation&location=France%20Suisse,https://www.hellowork.com/fr-fr/emploi/recherche.html?k=ing%C3%A9nieur+dispositifs+m%C3%A9dicaux+validation&l=France,https://fr.indeed.com/jobs?q=ing%C3%A9nieur+dispositifs+m%C3%A9dicaux+validation&l=France%20Suisse,https://www.welcometothejungle.com/fr/jobs?query=ing%C3%A9nieur+dispositifs+m%C3%A9dicaux+validation&aroundQuery=France,ingénieur dispositifs médicaux validation,generic_marketplace_search,"Recherche non ciblée entreprise/labo sur LinkedIn, Indeed, HelloWork et Welcome to the Jungle.",2026-05-29
yes,Recherche marché - V&V engineer medical device,job_board_search,France OR Suisse OR Switzerland,,,,,,,,,,,https://www.linkedin.com/jobs/search/?keywords=V%26V+engineer+medical+device&location=France%20Suisse,https://www.hellowork.com/fr-fr/emploi/recherche.html?k=V%26V+engineer+medical+device&l=France,https://fr.indeed.com/jobs?q=V%26V+engineer+medical+device&l=France%20Suisse,https://www.welcometothejungle.com/fr/jobs?query=V%26V+engineer+medical+device&aroundQuery=France,V&V engineer medical device,generic_marketplace_search,"Recherche non ciblée entreprise/labo sur LinkedIn, Indeed, HelloWork et Welcome to the Jungle.",2026-05-29
yes,Recherche marché - ingénieur systèmes dispositifs médicaux,job_board_search,France OR Suisse OR Switzerland,,,,,,,,,,,https://www.linkedin.com/jobs/search/?keywords=ing%C3%A9nieur+syst%C3%A8mes+dispositifs+m%C3%A9dicaux&location=France%20Suisse,https://www.hellowork.com/fr-fr/emploi/recherche.html?k=ing%C3%A9nieur+syst%C3%A8mes+dispositifs+m%C3%A9dicaux&l=France,https://fr.indeed.com/jobs?q=ing%C3%A9nieur+syst%C3%A8mes+dispositifs+m%C3%A9dicaux&l=France%20Suisse,https://www.welcometothejungle.com/fr/jobs?query=ing%C3%A9nieur+syst%C3%A8mes+dispositifs+m%C3%A9dicaux&aroundQuery=France,ingénieur systèmes dispositifs médicaux,generic_marketplace_search,"Recherche non ciblée entreprise/labo sur LinkedIn, Indeed, HelloWork et Welcome to the Jungle.",2026-05-29
yes,Recherche marché - ingénieur robotique médicale,job_board_search,France OR Suisse OR Switzerland,,,,,,,,,,,https://www.linkedin.com/jobs/search/?keywords=ing%C3%A9nieur+robotique+m%C3%A9dicale&location=France%20Suisse,https://www.hellowork.com/fr-fr/emploi/recherche.html?k=ing%C3%A9nieur+robotique+m%C3%A9dicale&l=France,https://fr.indeed.com/jobs?q=ing%C3%A9nieur+robotique+m%C3%A9dicale&l=France%20Suisse,https://www.welcometothejungle.com/fr/jobs?query=ing%C3%A9nieur+robotique+m%C3%A9dicale&aroundQuery=France,ingénieur robotique médicale,generic_marketplace_search,"Recherche non ciblée entreprise/labo sur LinkedIn, Indeed, HelloWork et Welcome to the Jungle.",2026-05-29
yes,Recherche marché - surgical robotics engineer,job_board_search,France OR Suisse OR Switzerland,,,,,,,,,,,https://www.linkedin.com/jobs/search/?keywords=surgical+robotics+engineer&location=France%20Suisse,https://www.hellowork.com/fr-fr/emploi/recherche.html?k=surgical+robotics+engineer&l=France,https://fr.indeed.com/jobs?q=surgical+robotics+engineer&l=France%20Suisse,https://www.welcometothejungle.com/fr/jobs?query=surgical+robotics+engineer&aroundQuery=France,surgical robotics engineer,generic_marketplace_search,"Recherche non ciblée entreprise/labo sur LinkedIn, Indeed, HelloWork et Welcome to the Jungle.",2026-05-29
yes,Recherche marché - ingénieur application clinique imagerie médicale,job_board_search,France OR Suisse OR Switzerland,,,,,,,,,,,https://www.linkedin.com/jobs/search/?keywords=ing%C3%A9nieur+application+clinique+imagerie+m%C3%A9dicale&location=France%20Suisse,https://www.hellowork.com/fr-fr/emploi/recherche.html?k=ing%C3%A9nieur+application+clinique+imagerie+m%C3%A9dicale&l=France,https://fr.indeed.com/jobs?q=ing%C3%A9nieur+application+clinique+imagerie+m%C3%A9dicale&l=France%20Suisse,https://www.welcometothejungle.com/fr/jobs?query=ing%C3%A9nieur+application+clinique+imagerie+m%C3%A9dicale&aroundQuery=France,ingénieur application clinique imagerie médicale,generic_marketplace_search,"Recherche non ciblée entreprise/labo sur LinkedIn, Indeed, HelloWork et Welcome to the Jungle.",2026-05-29
yes,Recherche marché - clinical application specialist medical imaging,job_board_search,France OR Suisse OR Switzerland,,,,,,,,,,,https://www.linkedin.com/jobs/search/?keywords=clinical+application+specialist+medical+imaging&location=France%20Suisse,https://www.hellowork.com/fr-fr/emploi/recherche.html?k=clinical+application+specialist+medical+imaging&l=France,https://fr.indeed.com/jobs?q=clinical+application+specialist+medical+imaging&l=France%20Suisse,https://www.welcometothejungle.com/fr/jobs?query=clinical+application+specialist+medical+imaging&aroundQuery=France,clinical application specialist medical imaging,generic_marketplace_search,"Recherche non ciblée entreprise/labo sur LinkedIn, Indeed, HelloWork et Welcome to the Jungle.",2026-05-29
yes,Recherche marché - ingénieur instrumentation biomédicale,job_board_search,France OR Suisse OR Switzerland,,,,,,,,,,,https://www.linkedin.com/jobs/search/?keywords=ing%C3%A9nieur+instrumentation+biom%C3%A9dicale&location=France%20Suisse,https://www.hellowork.com/fr-fr/emploi/recherche.html?k=ing%C3%A9nieur+instrumentation+biom%C3%A9dicale&l=France,https://fr.indeed.com/jobs?q=ing%C3%A9nieur+instrumentation+biom%C3%A9dicale&l=France%20Suisse,https://www.welcometothejungle.com/fr/jobs?query=ing%C3%A9nieur+instrumentation+biom%C3%A9dicale&aroundQuery=France,ingénieur instrumentation biomédicale,generic_marketplace_search,"Recherche non ciblée entreprise/labo sur LinkedIn, Indeed, HelloWork et Welcome to the Jungle.",2026-05-29
yes,Recherche marché - ingénieur plateforme imagerie,job_board_search,France OR Suisse OR Switzerland,,,,,,,,,,,https://www.linkedin.com/jobs/search/?keywords=ing%C3%A9nieur+plateforme+imagerie&location=France%20Suisse,https://www.hellowork.com/fr-fr/emploi/recherche.html?k=ing%C3%A9nieur+plateforme+imagerie&l=France,https://fr.indeed.com/jobs?q=ing%C3%A9nieur+plateforme+imagerie&l=France%20Suisse,https://www.welcometothejungle.com/fr/jobs?query=ing%C3%A9nieur+plateforme+imagerie&aroundQuery=France,ingénieur plateforme imagerie,generic_marketplace_search,"Recherche non ciblée entreprise/labo sur LinkedIn, Indeed, HelloWork et Welcome to the Jungle.",2026-05-29
yes,Recherche marché - ingénieur traitement du signal médical,job_board_search,France OR Suisse OR Switzerland,,,,,,,,,,,https://www.linkedin.com/jobs/search/?keywords=ing%C3%A9nieur+traitement+du+signal+m%C3%A9dical&location=France%20Suisse,https://www.hellowork.com/fr-fr/emploi/recherche.html?k=ing%C3%A9nieur+traitement+du+signal+m%C3%A9dical&l=France,https://fr.indeed.com/jobs?q=ing%C3%A9nieur+traitement+du+signal+m%C3%A9dical&l=France%20Suisse,https://www.welcometothejungle.com/fr/jobs?query=ing%C3%A9nieur+traitement+du+signal+m%C3%A9dical&aroundQuery=France,ingénieur traitement du signal médical,generic_marketplace_search,"Recherche non ciblée entreprise/labo sur LinkedIn, Indeed, HelloWork et Welcome to the Jungle.",2026-05-29
yes,Recherche marché - ingénieur biomécanique simulation médicale,job_board_search,France OR Suisse OR Switzerland,,,,,,,,,,,https://www.linkedin.com/jobs/search/?keywords=ing%C3%A9nieur+biom%C3%A9canique+simulation+m%C3%A9dicale&location=France%20Suisse,https://www.hellowork.com/fr-fr/emploi/recherche.html?k=ing%C3%A9nieur+biom%C3%A9canique+simulation+m%C3%A9dicale&l=France,https://fr.indeed.com/jobs?q=ing%C3%A9nieur+biom%C3%A9canique+simulation+m%C3%A9dicale&l=France%20Suisse,https://www.welcometothejungle.com/fr/jobs?query=ing%C3%A9nieur+biom%C3%A9canique+simulation+m%C3%A9dicale&aroundQuery=France,ingénieur biomécanique simulation médicale,generic_marketplace_search,"Recherche non ciblée entreprise/labo sur LinkedIn, Indeed, HelloWork et Welcome to the Jungle.",2026-05-29
yes,Recherche marché - ingénieur Python santé,job_board_search,France OR Suisse OR Switzerland,,,,,,,,,,,https://www.linkedin.com/jobs/search/?keywords=ing%C3%A9nieur+Python+sant%C3%A9&location=France%20Suisse,https://www.hellowork.com/fr-fr/emploi/recherche.html?k=ing%C3%A9nieur+Python+sant%C3%A9&l=France,https://fr.indeed.com/jobs?q=ing%C3%A9nieur+Python+sant%C3%A9&l=France%20Suisse,https://www.welcometothejungle.com/fr/jobs?query=ing%C3%A9nieur+Python+sant%C3%A9&aroundQuery=France,ingénieur Python santé,generic_marketplace_search,"Recherche non ciblée entreprise/labo sur LinkedIn, Indeed, HelloWork et Welcome to the Jungle.",2026-05-29
yes,Recherche marché - software engineer medical device,job_board_search,France OR Suisse OR Switzerland,,,,,,,,,,,https://www.linkedin.com/jobs/search/?keywords=software+engineer+medical+device&location=France%20Suisse,https://www.hellowork.com/fr-fr/emploi/recherche.html?k=software+engineer+medical+device&l=France,https://fr.indeed.com/jobs?q=software+engineer+medical+device&l=France%20Suisse,https://www.welcometothejungle.com/fr/jobs?query=software+engineer+medical+device&aroundQuery=France,software engineer medical device,generic_marketplace_search,"Recherche non ciblée entreprise/labo sur LinkedIn, Indeed, HelloWork et Welcome to the Jungle.",2026-05-29
yes,Recherche marché - scientific software engineer medical,job_board_search,France OR Suisse OR Switzerland,,,,,,,,,,,https://www.linkedin.com/jobs/search/?keywords=scientific+software+engineer+medical&location=France%20Suisse,https://www.hellowork.com/fr-fr/emploi/recherche.html?k=scientific+software+engineer+medical&l=France,https://fr.indeed.com/jobs?q=scientific+software+engineer+medical&l=France%20Suisse,https://www.welcometothejungle.com/fr/jobs?query=scientific+software+engineer+medical&aroundQuery=France,scientific software engineer medical,generic_marketplace_search,"Recherche non ciblée entreprise/labo sur LinkedIn, Indeed, HelloWork et Welcome to the Jungle.",2026-05-29
yes,Recherche marché - ingénieur data santé,job_board_search,France OR Suisse OR Switzerland,,,,,,,,,,,https://www.linkedin.com/jobs/search/?keywords=ing%C3%A9nieur+data+sant%C3%A9&location=France%20Suisse,https://www.hellowork.com/fr-fr/emploi/recherche.html?k=ing%C3%A9nieur+data+sant%C3%A9&l=France,https://fr.indeed.com/jobs?q=ing%C3%A9nieur+data+sant%C3%A9&l=France%20Suisse,https://www.welcometothejungle.com/fr/jobs?query=ing%C3%A9nieur+data+sant%C3%A9&aroundQuery=France,ingénieur data santé,generic_marketplace_search,"Recherche non ciblée entreprise/labo sur LinkedIn, Indeed, HelloWork et Welcome to the Jungle.",2026-05-29
yes,Recherche marché - alternance IA santé,job_board_search,France OR Suisse OR Switzerland,,,,,,,,,,,https://www.linkedin.com/jobs/search/?keywords=alternance+IA+sant%C3%A9&location=France%20Suisse,https://www.hellowork.com/fr-fr/emploi/recherche.html?k=alternance+IA+sant%C3%A9&l=France,https://fr.indeed.com/jobs?q=alternance+IA+sant%C3%A9&l=France%20Suisse,https://www.welcometothejungle.com/fr/jobs?query=alternance+IA+sant%C3%A9&aroundQuery=France,alternance IA santé,generic_marketplace_search,"Recherche non ciblée entreprise/labo sur LinkedIn, Indeed, HelloWork et Welcome to the Jungle.",2026-05-29
yes,Recherche marché - alternance computer vision santé,job_board_search,France OR Suisse OR Switzerland,,,,,,,,,,,https://www.linkedin.com/jobs/search/?keywords=alternance+computer+vision+sant%C3%A9&location=France%20Suisse,https://www.hellowork.com/fr-fr/emploi/recherche.html?k=alternance+computer+vision+sant%C3%A9&l=France,https://fr.indeed.com/jobs?q=alternance+computer+vision+sant%C3%A9&l=France%20Suisse,https://www.welcometothejungle.com/fr/jobs?query=alternance+computer+vision+sant%C3%A9&aroundQuery=France,alternance computer vision santé,generic_marketplace_search,"Recherche non ciblée entreprise/labo sur LinkedIn, Indeed, HelloWork et Welcome to the Jungle.",2026-05-29
yes,Recherche marché - alternance deep learning imagerie médicale,job_board_search,France OR Suisse OR Switzerland,,,,,,,,,,,https://www.linkedin.com/jobs/search/?keywords=alternance+deep+learning+imagerie+m%C3%A9dicale&location=France%20Suisse,https://www.hellowork.com/fr-fr/emploi/recherche.html?k=alternance+deep+learning+imagerie+m%C3%A9dicale&l=France,https://fr.indeed.com/jobs?q=alternance+deep+learning+imagerie+m%C3%A9dicale&l=France%20Suisse,https://www.welcometothejungle.com/fr/jobs?query=alternance+deep+learning+imagerie+m%C3%A9dicale&aroundQuery=France,alternance deep learning imagerie médicale,generic_marketplace_search,"Recherche non ciblée entreprise/labo sur LinkedIn, Indeed, HelloWork et Welcome to the Jungle.",2026-05-29
yes,Recherche marché - alternance PyTorch imagerie médicale,job_board_search,France OR Suisse OR Switzerland,,,,,,,,,,,https://www.linkedin.com/jobs/search/?keywords=alternance+PyTorch+imagerie+m%C3%A9dicale&location=France%20Suisse,https://www.hellowork.com/fr-fr/emploi/recherche.html?k=alternance+PyTorch+imagerie+m%C3%A9dicale&l=France,https://fr.indeed.com/jobs?q=alternance+PyTorch+imagerie+m%C3%A9dicale&l=France%20Suisse,https://www.welcometothejungle.com/fr/jobs?query=alternance+PyTorch+imagerie+m%C3%A9dicale&aroundQuery=France,alternance PyTorch imagerie médicale,generic_marketplace_search,"Recherche non ciblée entreprise/labo sur LinkedIn, Indeed, HelloWork et Welcome to the Jungle.",2026-05-29
yes,Recherche marché - alternance ingénieur biomédical R&D,job_board_search,France OR Suisse OR Switzerland,,,,,,,,,,,https://www.linkedin.com/jobs/search/?keywords=alternance+ing%C3%A9nieur+biom%C3%A9dical+R%26D&location=France%20Suisse,https://www.hellowork.com/fr-fr/emploi/recherche.html?k=alternance+ing%C3%A9nieur+biom%C3%A9dical+R%26D&l=France,https://fr.indeed.com/jobs?q=alternance+ing%C3%A9nieur+biom%C3%A9dical+R%26D&l=France%20Suisse,https://www.welcometothejungle.com/fr/jobs?query=alternance+ing%C3%A9nieur+biom%C3%A9dical+R%26D&aroundQuery=France,alternance ingénieur biomédical R&D,generic_marketplace_search,"Recherche non ciblée entreprise/labo sur LinkedIn, Indeed, HelloWork et Welcome to the Jungle.",2026-05-29
yes,Recherche marché - PhD medical imaging France,job_board_search,France OR Suisse OR Switzerland,,,,,,,,,,,https://www.linkedin.com/jobs/search/?keywords=PhD+medical+imaging+France&location=France%20Suisse,https://www.hellowork.com/fr-fr/emploi/recherche.html?k=PhD+medical+imaging+France&l=France,https://fr.indeed.com/jobs?q=PhD+medical+imaging+France&l=France%20Suisse,https://www.welcometothejungle.com/fr/jobs?query=PhD+medical+imaging+France&aroundQuery=France,PhD medical imaging France,generic_marketplace_search,"Recherche non ciblée entreprise/labo sur LinkedIn, Indeed, HelloWork et Welcome to the Jungle.",2026-05-29
yes,Recherche marché - doctorant imagerie médicale,job_board_search,France OR Suisse OR Switzerland,,,,,,,,,,,https://www.linkedin.com/jobs/search/?keywords=doctorant+imagerie+m%C3%A9dicale&location=France%20Suisse,https://www.hellowork.com/fr-fr/emploi/recherche.html?k=doctorant+imagerie+m%C3%A9dicale&l=France,https://fr.indeed.com/jobs?q=doctorant+imagerie+m%C3%A9dicale&l=France%20Suisse,https://www.welcometothejungle.com/fr/jobs?query=doctorant+imagerie+m%C3%A9dicale&aroundQuery=France,doctorant imagerie médicale,generic_marketplace_search,"Recherche non ciblée entreprise/labo sur LinkedIn, Indeed, HelloWork et Welcome to the Jungle.",2026-05-29
yes,Recherche marché - doctorant biomécanique santé,job_board_search,France OR Suisse OR Switzerland,,,,,,,,,,,https://www.linkedin.com/jobs/search/?keywords=doctorant+biom%C3%A9canique+sant%C3%A9&location=France%20Suisse,https://www.hellowork.com/fr-fr/emploi/recherche.html?k=doctorant+biom%C3%A9canique+sant%C3%A9&l=France,https://fr.indeed.com/jobs?q=doctorant+biom%C3%A9canique+sant%C3%A9&l=France%20Suisse,https://www.welcometothejungle.com/fr/jobs?query=doctorant+biom%C3%A9canique+sant%C3%A9&aroundQuery=France,doctorant biomécanique santé,generic_marketplace_search,"Recherche non ciblée entreprise/labo sur LinkedIn, Indeed, HelloWork et Welcome to the Jungle.",2026-05-29
yes,Recherche marché - ingénieur neuroimagerie,job_board_search,France OR Suisse OR Switzerland,,,,,,,,,,,https://www.linkedin.com/jobs/search/?keywords=ing%C3%A9nieur+neuroimagerie&location=France%20Suisse,https://www.hellowork.com/fr-fr/emploi/recherche.html?k=ing%C3%A9nieur+neuroimagerie&l=France,https://fr.indeed.com/jobs?q=ing%C3%A9nieur+neuroimagerie&l=France%20Suisse,https://www.welcometothejungle.com/fr/jobs?query=ing%C3%A9nieur+neuroimagerie&aroundQuery=France,ingénieur neuroimagerie,generic_marketplace_search,"Recherche non ciblée entreprise/labo sur LinkedIn, Indeed, HelloWork et Welcome to the Jungle.",2026-05-29
yes,Recherche marché - ingénieur neurosciences imagerie,job_board_search,France OR Suisse OR Switzerland,,,,,,,,,,,https://www.linkedin.com/jobs/search/?keywords=ing%C3%A9nieur+neurosciences+imagerie&location=France%20Suisse,https://www.hellowork.com/fr-fr/emploi/recherche.html?k=ing%C3%A9nieur+neurosciences+imagerie&l=France,https://fr.indeed.com/jobs?q=ing%C3%A9nieur+neurosciences+imagerie&l=France%20Suisse,https://www.welcometothejungle.com/fr/jobs?query=ing%C3%A9nieur+neurosciences+imagerie&aroundQuery=France,ingénieur neurosciences imagerie,generic_marketplace_search,"Recherche non ciblée entreprise/labo sur LinkedIn, Indeed, HelloWork et Welcome to the Jungle.",2026-05-29
